last_name, first_name,player_id,year,player_age,p_formatted_ip,p_strikeout,p_k_percent,p_bb_percent,batting_avg,p_out,p_era,exit_velocity_avg,launch_angle_avg,barrel_batted_rate,pitch_count_offspeed,pitch_count_fastball,pitch_count_breaking,n,n_ff_formatted,ff_avg_speed,ff_avg_spin,ff_avg_break,n_sl_formatted,sl_avg_speed,sl_avg_spin,sl_avg_break,n_ch_formatted,ch_avg_speed,ch_avg_spin,ch_avg_break,n_cukc_formatted,n_sift_formatted,n_fc_formatted,n_fs_formatted,n_fastball_formatted,n_breaking_formatted,n_offspeed_formatted,
Wainwright, Adam,425794,2020,38,65.2,54,20.6,5.7,.221,197,3.15,87.3,12,6.3,23,551,356,930,9.2,89.2,2218,15,,,,,2.5,81.8,1683,15.3,38.3,27.1,22.9,,59.2,38.3,2.5,
Greinke, Zack,425844,2020,36,67.0,67,24.5,3.3,.256,201,4.03,86.8,11.7,8.2,232,433,331,996,43.4,88.1,2327,17.6,17.1,84.5,2422,9.2,23.3,86.2,1668,14,16.2,0.1,,,43.5,33.2,23.3,
Lester, Jon,452657,2020,36,61.0,42,15.8,6.4,.262,183,5.16,88.9,11.9,12.3,126,753,129,1008,29.1,89.4,2223,17,,,,,12.5,83.3,1913,15.1,12.8,15.2,30.5,,74.7,12.8,12.5,
Scherzer, Max,453286,2020,35,67.1,92,31.2,7.8,.260,202,3.74,88.5,18.7,8.4,194,675,344,1213,46,94.7,2472,18.9,19.3,85.5,2384,5.3,16,84.9,1440,15,9.1,,9.6,,55.6,28.4,16,
Cueto, Johnny,456501,2020,34,63.1,56,20.2,9.4,.248,190,5.40,87.9,13,5.7,308,497,332,1137,33.2,91.4,2222,18.4,9.9,84.8,2231,8,27.1,82.5,1333,12.5,19.3,10.5,,,43.7,29.2,27.1,
Lynn, Lance,458681,2020,33,84.0,89,25.9,7.3,.206,252,3.32,88.6,17.5,5.4,14,1265,119,1398,50.1,94,2491,17.1,,,,,1,85,1844,12.9,8.5,18,22.4,,90.5,8.5,1,
Carrasco, Carlos,471911,2020,33,68.0,82,29.3,9.6,.221,204,2.91,88,10.3,8.3,296,435,370,1101,34.7,93.7,2472,17.6,27.1,86,2780,5.7,26.9,87.7,1317,7.6,6.5,4.8,,,39.5,33.6,26.9,
Gibson, Kyle,502043,2020,32,67.1,58,19.3,10.0,.275,202,5.35,88.2,6.2,7.2,203,568,368,1139,13.9,92.4,2261,17.2,24.6,82.9,2475,6.1,17.8,84.4,1652,16.3,7.7,35.6,0.4,,49.9,32.3,17.8,
Darvish, Yu,506433,2020,33,76.0,93,31.3,4.7,.211,228,2.01,88.7,11.9,6.4,103,325,549,1150,15.1,95.9,2582,19.4,36.3,86.1,2792,6.3,,,,,11.5,8.7,4.4,9,28.3,62.8,9,
Perez, Martin,527048,2020,29,62.0,46,17.6,10.7,.240,186,4.50,86.3,14.3,7.6,266,670,97,1033,15.1,92.2,2049,18.6,,,,,25.8,83.7,1704,17.3,9.4,17.7,32,,64.9,9.4,25.8,
Cole, Gerrit,543037,2020,29,73.0,94,32.6,5.9,.197,219,2.84,90.4,16.4,9.1,67,635,501,1203,52.5,96.7,2505,21.7,24.6,88.7,2582,6.8,5.6,88.3,1750,18.9,17,0.2,,,52.8,41.6,5.6,
Hendricks, Kyle,543294,2020,30,81.1,64,20.3,2.5,.240,244,2.88,86.1,11,4.5,326,632,192,1150,21,87.4,1969,16.1,,,,,28.3,79.7,2062,16.7,16.7,33.9,,,55,16.7,28.3,
Bauer, Trevor,545333,2020,29,73.0,100,36.0,6.1,.159,219,1.73,88.5,20.9,6.3,4,793,183,1165,47.4,93.5,2779,22.1,,,,,0.3,85,1731,17.2,15.7,0.3,20.3,,68.1,31.6,0.3,
Ryu, Hyun Jin,547943,2020,33,67.0,72,26.2,6.2,.234,201,2.69,87,9.6,3.2,315,668,149,1132,24.6,89.8,1995,16.7,,,,,27.8,79.6,1478,15,13.2,10,24.4,,59,13.2,27.8,
Wheeler, Zack,554430,2020,30,71.0,53,18.4,5.6,.254,213,2.92,85.7,3.8,3.8,92,705,280,1077,42.9,96.9,2334,15.4,15.9,89.8,2399,5.8,8.5,90.3,1655,16.8,10.1,22.6,,,65.5,26,8.5,
Boyd, Matthew,571510,2020,29,60.1,60,22.1,8.1,.278,181,6.71,87.4,15.4,10.9,187,572,327,1086,50.3,91.7,2304,18.2,22.7,79.3,2324,5.6,17.2,79.1,1882,17.5,7.5,2.4,,,52.7,30.1,17.2,
Corbin, Patrick,571578,2020,30,65.2,60,20.3,6.1,.308,197,4.66,90.7,11.9,6.5,60,556,452,1068,17.2,90.2,2158,17.3,40.3,79.2,2241,4.4,5.6,77.7,1550,15.7,2.1,34.8,,,52.1,42.3,5.6,
Heaney, Andrew,571760,2020,29,66.2,70,25.1,6.8,.246,200,4.46,88.6,16.3,7.4,189,627,269,1085,57.8,91.5,2435,21,,,,,17.4,83,2005,18.3,24.8,,,,57.8,24.8,17.4,
Keuchel, Dallas,572971,2020,32,63.1,42,16.3,6.6,.218,190,1.99,86.8,5.6,4,268,629,63,960,2.3,88.3,2218,13.9,6.6,75.8,2280,9.1,27.9,78.6,1680,15.8,,32.3,30.9,,65.5,6.6,27.9,
deGrom, Jacob,594798,2020,32,68.0,104,38.8,6.7,.190,204,2.38,88.2,11.6,9.6,192,510,433,1135,44.9,98.6,2477,18.2,35.5,92.5,2565,6.5,16.9,91.4,1638,14.5,2.6,,,,44.9,38.1,16.9,
Gonzales, Marco,594835,2020,28,69.2,64,23.1,2.5,.222,209,3.10,86.6,17.6,8.4,151,735,170,1056,45.4,88.2,2154,20.4,,,,,14.3,80.6,2114,19.5,16.1,,24.2,,69.6,16.1,14.3,
Bassitt, Chris,605135,2020,31,63.0,55,21.1,6.5,.233,189,2.29,88.2,12.5,5.9,97,732,100,946,16.7,93.3,2160,16.8,1.2,78.2,2192,9.7,10.3,83.6,1950,19.9,9.4,38.2,22.5,,77.4,12.4,10.3,
Bundy, Dylan,605164,2020,27,65.2,72,27.0,6.4,.208,197,3.29,87,14.5,4.6,217,427,374,1018,33.6,90,2424,19.7,25,79.9,2538,5,21.3,82.2,1620,15.7,11.7,8.3,,,41.9,36.7,21.3,
Davies, Zach,605200,2020,27,69.1,63,22.8,6.9,.216,208,2.73,87.5,14.6,10.3,436,589,30,1055,,,,,,,,,41.3,79.4,1728,16.7,2.8,41.8,14,,55.8,2.8,41.3,
Nola, Aaron,605400,2020,27,71.1,96,33.2,8.0,.205,214,3.28,88.3,8.6,5.4,314,528,306,1148,24.4,92.8,2180,19.6,,,,,27.4,84.9,1518,15,26.7,21.6,,,46,26.7,27.4,
Woodruff, Brandon,605540,2020,27,73.2,91,31.1,6.1,.204,221,3.05,86.7,13.3,7.2,212,789,210,1211,34.5,96.6,2457,18.5,10.9,88.2,2525,3.9,17.5,86.7,1817,18.1,6.4,30.6,,,65.2,17.3,17.5,
Freeland, Kyle,607536,2020,27,70.2,46,15.1,7.6,.278,212,4.33,87.3,7.4,5.6,270,376,478,1124,21.3,92.1,2436,15.8,23.7,86.2,2469,5.1,24,86,1375,12.3,18.9,12.2,,,33.5,42.5,24,
Giolito, Lucas,608337,2020,25,72.1,97,33.7,9.7,.184,217,3.48,87,15.2,5.6,409,614,191,1214,50.6,94,2349,20,14.7,84.9,2095,5.5,33.7,80.9,1410,15.9,1,,,,50.6,15.7,33.7,
Marquez, German,608566,2020,25,81.2,73,21.2,7.3,.247,245,3.75,88.8,7.2,4.9,65,643,518,1226,38.5,95.9,2157,15.3,16.9,87.9,2382,4.7,5.3,86.8,1816,16.4,25.4,13.9,,,52.4,42.3,5.3,
Mills, Alec,621219,2020,28,62.1,46,18.3,7.5,.230,187,4.48,86.9,10.1,9.2,144,564,237,945,25.4,89.8,2181,17,10.1,77.5,2584,17,15.2,80.7,1709,15.9,15,34.3,,,59.7,25.1,15.2,
Berrios, Jose,621244,2020,26,63.0,68,25.1,9.6,.238,189,4.00,88.7,14,6.3,207,567,1,1102,26,94.5,2192,18.8,,,,,18.8,84.7,1531,13.5,0.1,25.5,,,51.5,29.8,18.8,
Castillo, Luis,622491,2020,27,70.0,89,30.5,8.2,.233,210,3.21,86,2.2,4.5,346,603,204,1153,27.1,97.4,2181,16.6,17.7,86.8,2484,1.9,30,88.2,1942,16.6,,25.2,,,52.3,17.7,30,
Senzatela, Antonio,622608,2020,25,73.1,41,13.5,5.9,.254,220,3.44,88.3,9.1,5.4,118,635,383,1136,55.9,94.3,2140,12.3,24.8,86.4,2177,5.9,10.4,86.4,2133,12.4,8.9,,,,55.9,33.7,10.4,
Maeda, Kenta,628317,2020,32,66.2,80,32.3,4.0,.168,200,2.70,85.3,10.8,7,289,281,416,986,18.7,91.6,2270,17.3,38.7,82.9,2504,8.6,,,,,3.4,7.1,2.7,29.3,28.5,42.2,29.3,
Civale, Aaron,650644,2020,25,74.0,69,22.1,5.1,.282,222,4.74,87.1,10.4,6.7,110,722,368,1200,2.2,91.2,2346,16.8,9.5,82.3,2709,8.3,9.2,85.3,2028,17.8,21.2,29.3,28.8,,60.2,30.7,9.2,
Lamet, Dinelson,659275,2020,27,69.0,93,34.8,7.5,.161,207,2.09,88.7,16.9,7.3,0,487,559,1046,37.3,97,2496,18.3,53.4,86.5,2614,6.3,,,,,,9.3,,,46.6,53.4,,
Singer, Brady,663903,2020,23,64.1,61,23.2,8.7,.220,193,4.06,88.5,9,4.5,50,620,401,1071,0.7,92.9,2196,15,37.4,83.1,2387,5.6,4.7,87.8,2164,18.8,,57.2,,,57.9,37.4,4.7,
Valdez, Framber,664285,2020,26,70.2,76,26.4,5.6,.240,212,3.57,91.4,-0.8,7.9,102,596,351,1049,2,93.2,2306,10.8,,,,,9.7,88.8,1720,13.5,33.5,54.8,,,56.8,33.5,9.7,
Gallen, Zac,668678,2020,24,72.0,82,28.2,8.6,.210,216,2.75,87,12.4,7.2,212,713,192,1117,39,93.2,2378,18.2,1.1,87.1,2421,7.8,19,84.9,1530,13.9,16.1,0.2,24.6,,63.8,17.2,19,
Bieber, Shane,669456,2020,25,77.1,122,41.1,7.1,.167,232,1.63,89.3,9.6,7.2,105,664,469,1238,37.8,94.1,2356,20.4,11.6,84.5,2551,4.5,8.5,88.7,1665,16.8,26.3,,15.8,,53.6,37.9,8.5,
Wainwright, Adam,425794,2022,40,191.2,143,17.8,6.7,.261,575,3.71,87.8,11,6.5,190,1948,959,3097,9.4,88,2234,15.4,,,,,6.1,82.2,1765,16.6,31,28.1,25.4,,62.9,31,6.1,
Verlander, Justin,434378,2022,39,175.0,185,27.8,4.4,.186,525,1.75,87.8,16.9,6.3,63,1315,1229,2607,50.4,95,2423,21.5,28.3,87.4,2465,6.7,2.4,86.2,1756,19,18.8,,,,50.4,47.1,2.4,
Kluber, Corey,446372,2022,36,164.0,139,20.2,3.0,.274,492,4.34,87.1,18.5,6.9,253,1532,669,2454,1.5,88.9,2271,16,,,,,10.3,82.9,1653,15.5,27.3,26.8,34.2,,62.4,27.3,10.3,
Morton, Charlie,450203,2022,38,172.0,205,28.2,8.7,.233,516,4.34,89.3,13.6,9.5,250,1550,1103,2903,33.3,94.9,2374,16.5,,,,,8.6,87.2,2154,17.8,38,10.8,9.3,,53.4,38,8.6,
Quintana, Jose,500779,2022,33,165.2,137,20.2,6.9,.246,497,2.93,86.5,9.9,5.5,531,1427,766,2724,36,91.2,2077,15.5,,,,,19.5,86.4,1319,13.6,28.1,16.4,,,52.4,28.1,19.5,
Gibson, Kyle,502043,2022,34,167.2,144,20.1,6.7,.268,503,5.05,88.5,10.6,7.5,294,1689,702,2739,11.9,92,2279,17.2,19,83.4,2519,5.2,10.7,84.6,1621,15.4,6.6,28.1,21.7,,61.7,27.6,10.7,
Darvish, Yu,506433,2022,35,194.2,197,25.6,4.8,.207,584,3.10,88.5,17,8.8,221,1141,1151,2970,25.6,95,2416,18.6,31.5,86,2778,6.3,,,,,7.2,8.6,4.3,7.4,38.4,54.1,7.4,
Kelly, Merrill,518876,2022,33,200.1,177,22.0,7.6,.226,601,3.37,88.5,14,8.3,671,1980,420,3071,29.2,92.6,2358,17.5,0.2,85,2416,4.1,21.8,88.6,2160,16.9,13.5,17,18.3,,64.5,13.7,21.8,
Perez, Martin,527048,2022,31,196.1,169,20.6,8.4,.241,589,2.89,88.2,8.1,4.3,823,2011,145,2979,8,92.7,2055,18.3,1.4,84.4,2397,7.3,27.6,84.4,1661,16.9,3.5,35.2,24.3,,67.5,4.9,27.6,
Anderson, Tyler,542881,2022,32,178.2,138,19.5,4.8,.221,536,2.57,85,16.9,4.9,815,1729,32,2576,38,90.7,2231,19.6,,,,,31.6,79,1848,16.2,1.2,7.1,22,,67.1,1.2,31.6,
Cole, Gerrit,543037,2022,31,200.2,257,32.4,6.3,.209,602,3.50,89.4,12.6,9.5,276,1906,1092,3274,51.9,97.8,2428,21.1,22.6,88.7,2569,5.6,8.4,89.7,1616,17.1,10.8,,6.4,,58.2,33.4,8.4,
Lyles, Jordan,543475,2022,31,179.0,144,18.6,6.7,.276,537,4.42,88.6,15.3,10.4,321,1551,400,2988,31.8,91.8,2204,18.1,,,,,10.7,86.4,1465,15.9,13.4,17.5,2.6,,51.9,37.3,10.7,
Mikolas, Miles,571945,2022,33,202.1,153,19.0,4.8,.226,607,3.29,87.8,11,6.9,126,1561,1453,3140,27.4,93.5,2292,15.9,25.4,87.7,2382,6.2,4,82.7,1575,15.5,20.8,22.3,,,49.7,46.3,4,
Gausman, Kevin,592332,2022,31,174.2,205,28.3,3.9,.272,524,3.35,89,12.2,8.1,1025,1358,400,2783,48.8,95,2265,20.5,14.4,84.4,2206,4,1.3,84.5,1497,11.1,,,,35.5,48.8,14.4,36.8,
Ray, Robbie,592662,2022,30,189.0,212,27.4,8.0,.231,567,3.71,89.7,14.7,7.9,21,1834,1192,3047,39.4,93.4,2282,19.4,37.2,87.2,2190,8.1,0.7,86.9,1759,17.2,1.9,20.8,,,60.2,39.1,0.7,
Taillon, Jameson,592791,2022,30,177.1,151,20.7,4.4,.246,532,3.91,88.5,14.5,8.3,237,1622,942,2800,35.7,94.1,2370,18.8,18.8,86.2,2556,7.9,8.4,87.7,1845,17.8,14.8,11.1,11.1,,57.9,33.6,8.4,
Gonzales, Marco,594835,2022,30,183.0,103,13.2,6.4,.271,549,4.13,86.7,14.5,7.2,865,1590,381,2836,36.5,88.4,1986,19.3,,,,,30.5,79.4,2114,18.8,13.4,,19.6,,56.1,13.4,30.5,
Pivetta, Nick,601713,2022,29,179.2,175,22.6,9.4,.253,539,4.56,90.7,15.2,9,70,1572,1440,3082,51,93.4,2310,21.3,19.5,85.8,2317,7.9,2.3,87.1,1170,12.3,27.2,,,,51,46.7,2.3,
Bassitt, Chris,605135,2022,33,181.2,167,22.4,6.6,.234,545,3.42,85.7,10.8,6.6,175,1843,632,2886,13.1,93.2,2191,14.9,8,82.7,2345,7.6,6.1,85.4,1824,17.9,13.9,33.5,17.3,,63.9,30.1,6.1,
Musgrove, Joe,605397,2022,29,181.0,184,24.9,5.7,.227,543,2.93,86.4,11.7,6,179,1423,1232,2834,24,92.9,2559,14.2,24.4,82.9,2715,13.2,6.3,86.5,1974,12.4,19.1,6.8,19.4,,50.2,43.5,6.3,
Nola, Aaron,605400,2022,29,205.0,235,29.1,3.6,.219,615,3.25,87.7,12.5,7.1,448,1785,806,3039,33.4,92.8,2308,20.3,,,,,14.7,85.9,1482,15.9,26.5,18.8,6.5,,58.7,26.5,14.7,
Rodon, Carlos,607074,2022,29,178.0,237,33.4,7.3,.202,534,2.88,89,19.4,6.5,59,1826,1100,2985,61.2,95.5,2349,19.1,31.1,85.4,2447,8.6,2,84.6,1757,17.8,5.7,,,,61.2,36.9,2,
Freeland, Kyle,607536,2022,29,174.2,131,17.1,6.9,.281,524,4.53,89.8,12.7,9.7,393,1288,1158,2839,23.2,90.3,2389,14.8,22.6,85.5,2376,5.1,13.8,84.8,1478,13.3,18.2,22.2,,,45.4,40.8,13.8,
Fried, Max,608331,2022,28,185.1,170,23.2,4.4,.225,556,2.48,86.2,7.6,4,396,1290,1128,2817,32.4,94,2138,12.7,18.5,87.4,2392,4.7,14.1,86.5,1411,13.8,21.5,13.3,,,45.8,40.2,14.1,
Irvin, Cole,608344,2022,28,181.0,128,17.3,4.9,.251,543,3.98,89.4,15.5,9.6,479,1590,541,2610,36.1,90.7,1975,19.1,,,,,18.4,83,1554,15.4,20.7,22.9,2,,60.9,20.7,18.4,
Marquez, German,608566,2022,27,181.2,150,19.3,8.1,.263,545,4.95,90.5,9.1,7.1,86,1534,1219,2839,29.8,95.6,2138,16.1,20.9,87.7,2389,5,3,87.8,1595,13.2,22.1,24.2,,,54,42.9,3,
Quantrill, Cal,615698,2022,27,186.1,128,16.6,6.1,.254,559,3.38,87.6,13.8,7.5,346,2450,124,2920,2.7,93.4,2165,18.9,,,,,11.8,85.3,1532,14.6,4.2,45.2,36,,83.9,4.2,11.8,
Berrios, Jose,621244,2022,28,172.0,149,19.8,6.0,.288,516,5.23,90,13.9,9.5,418,1461,4,2721,27.9,94,2241,18.1,,,,,15.4,84.6,1522,15.4,0.1,25.8,,,53.7,30.9,15.4,
Urias, Julio,628711,2022,25,175.0,166,24.1,6.0,.199,525,2.16,86.7,17.2,6.7,458,1291,0,2622,49.2,93.1,2521,17,,,,,17.5,86.2,1950,15.6,,,,,49.2,33.3,17.5,
Lopez, Pablo,641154,2022,26,180.0,174,23.6,7.2,.234,540,3.75,87.9,11,9,1027,1648,235,2910,38.8,93.6,2197,14.3,,,,,35.3,87.5,1965,17.8,8.1,8.1,9.7,,56.6,8.1,35.3,
Alcantara, Sandy,645261,2022,26,228.2,207,23.4,5.6,.212,686,2.28,87.8,5.5,5.3,899,1624,725,3248,25.2,98,2200,18.4,22,90,2355,4.2,27.7,91.8,2056,17.3,0.3,24.8,,,50,22.3,27.7,
Cease, Dylan,656302,2022,26,184.0,227,30.4,10.4,.190,552,2.20,86.8,15,6.2,76,1271,1773,3120,39.8,96.8,2507,19.3,42.9,87.4,2833,5,2.4,77.9,1720,17.5,13.9,1,,,40.7,56.8,2.4,
Montgomery, Jordan,656756,2022,29,178.1,158,21.8,5.0,.235,535,3.48,88.5,9.8,7.1,603,1508,604,2715,17.1,93,2305,17.4,,,,,22.2,82.3,1678,16.3,22.2,34.5,3.9,,55.5,22.2,22.2,
Wright, Kyle,657140,2022,26,180.1,174,23.6,7.2,.232,541,3.19,89,4.4,6.8,418,1167,1112,2697,19.4,95.1,2385,17,7.2,90.1,2394,8.2,15.5,88.1,1699,16.1,34.1,23.9,,,43.3,41.2,15.5,
Webb, Logan,657277,2022,25,192.1,163,20.7,6.2,.240,577,2.90,88.9,3.1,5.5,937,1087,982,3006,3.2,92.4,2069,13.5,32.7,82.5,2628,10.5,31.2,86.4,1493,9.3,,32.9,,,36.2,32.7,31.2,
Ohtani, Shohei,660271,2022,27,166.0,219,33.2,6.7,.203,498,2.33,87.1,14.5,6.3,312,1048,285,2628,27.3,97.3,2217,15,2.4,85.2,2498,9.3,,,,,8.4,3.7,8.9,11.9,39.9,48.2,11.9,
McKenzie, Triston,663474,2022,24,191.1,190,25.6,5.9,.201,574,2.96,90.2,19.7,9.8,0,1570,1237,2807,55.9,92.5,2313,20.8,22.1,87.3,2196,11.6,,,,,21.9,,,,55.9,44.1,,
McClanahan, Shane,663556,2022,25,166.1,194,30.3,5.9,.194,499,2.54,87.6,8.3,6.4,626,879,958,2463,35.7,96.7,2233,20.8,15.5,89.3,2350,6.1,25.4,87.7,1732,19.4,23.4,,,,35.7,38.9,25.4,
Valdez, Framber,664285,2022,28,201.1,194,23.5,8.1,.223,604,2.82,89.8,-3.6,5.8,273,1899,846,3018,3.6,94.1,2192,11.8,,,,,9,88.7,1631,15.7,28,49,10.3,,62.9,28,9,
Urquidy, Jose,664353,2022,27,164.1,134,19.7,5.6,.244,493,3.94,89.7,17.2,9.4,392,1520,371,2640,52.7,93.5,2201,21.3,,,,,14.8,86.1,2006,20.9,14.1,,4.8,,57.6,27.6,14.8,
Manoah, Alek,666201,2022,24,196.2,180,22.9,6.5,.202,590,2.24,87.5,16.9,5.4,331,1820,798,2949,35.9,93.9,2369,17.8,27.1,81.5,2216,14.7,11.2,86.5,1980,17.7,,25.8,,,61.7,27.1,11.2,
Gallen, Zac,668678,2022,26,184.0,192,26.9,6.6,.186,552,2.54,87.8,10.8,7.8,418,1847,670,2935,48.1,94.1,2420,18,0.9,86.7,2513,8.4,14.2,86.2,1539,12.9,21.9,0,14.8,,62.9,22.8,14.2,
Burnes, Corbin,669203,2022,27,202.0,243,30.5,6.4,.197,606,2.94,87.2,10,5.7,322,2049,903,3274,0.5,96.1,2578,16.6,9.2,88.2,2801,8,9.8,90.3,2045,16.3,18.4,6.7,55.4,,62.6,27.6,9.8,
Gilbert, Logan,669302,2022,25,185.2,174,22.7,6.4,.242,557,3.20,91,14.6,7.1,241,1667,1107,3015,53.9,96.1,2135,19,24.2,86.9,2289,8.1,8,86.2,1752,17.7,12.5,1.4,,,55.3,36.7,8,
Bieber, Shane,669456,2022,27,200.0,198,25.0,4.6,.230,600,2.88,89.9,10,7.2,67,1445,1363,2875,34.4,91.3,2206,19.7,29.5,85,2515,4.5,2.3,86.4,1557,14.8,17.9,,15.8,,50.3,47.4,2.3,
Greinke, Zack,425844,2023,39,16.1,11,15.7,4.3,.299,49,3.31,89.8,13.4,8.9,40,91,115,246,13,89.6,2307,16.1,19.5,79.9,2486,14.9,16.3,87.2,1621,15.4,27.2,13.8,10.2,,37,46.7,16.3,
Kluber, Corey,446372,2023,37,13.0,13,22.8,10.5,.255,39,6.92,91.9,25.1,13.2,41,133,49,223,4,87.2,2217,17.4,,,,,18.4,82,1686,16.4,22,22,33.6,,59.6,22,18.4,
Hill, Rich,448179,2023,43,15.0,8,12.3,6.2,.262,45,7.20,89.3,19.8,18.9,6,123,88,243,30.9,86.8,2138,19.8,,,,,2.5,80.4,1821,19.3,36.2,4.1,15.6,,50.6,46.9,2.5,
Scherzer, Max,453286,2023,38,16.1,14,21.5,10.8,.224,49,4.41,91.3,27.9,13.6,39,150,94,283,47.3,93.1,2400,20,23.7,84,2347,4.4,13.8,83.4,1405,16.8,9.5,,5.7,,53,33.2,13.8,
Lynn, Lance,458681,2023,36,16.0,21,28.8,9.6,.292,48,7.31,91.1,17.6,11.4,26,219,48,293,40.6,92.2,2443,13.2,3.8,85.9,2685,4.8,8.9,85.1,1830,14.6,12.6,13.3,20.8,,74.7,16.4,8.9,
Kershaw, Clayton,477132,2023,35,18.0,17,23.3,5.5,.239,54,3.50,88.5,7.1,9.8,3,107,156,266,39.8,91.4,2282,18.3,43.6,86.9,2468,9.2,1.1,86.8,1545,20.7,15,0.4,,,40.2,58.6,1.1,
Gibson, Kyle,502043,2023,35,18.1,12,17.1,5.7,.262,55,3.44,89.4,11.9,11.3,45,140,12,259,18.9,92,2307,18.5,0.4,85.7,2318,7.5,17.4,84.5,1668,15.5,4.2,21.2,13.9,,54.1,28.6,17.4,
Cobb, Alex,502171,2023,35,14.1,14,22.2,3.2,.311,43,3.14,90.8,-0.8,10.6,90,99,61,250,0.4,94.5,2154,15.3,16,86.3,2633,13.1,,,,,8.4,39.2,,36,39.6,24.4,36,
Kelly, Merrill,518876,2023,34,15.1,15,23.4,18.8,.196,46,2.93,91.8,3.8,8.3,73,144,54,271,19.9,92,2425,17.8,0.7,86.7,2400,5.8,26.9,88.2,2189,16.8,19.2,12.5,20.7,,53.1,19.9,26.9,
Cole, Gerrit,543037,2023,32,19.1,22,31.0,9.9,.175,58,1.40,88,13,2.4,34,165,96,295,55.3,96.7,2427,20.9,19.3,88.4,2557,5.9,11.5,88.4,1634,18.7,13.2,,0.7,,55.9,32.5,11.5,
Eovaldi, Nathan,543135,2023,33,15.2,19,27.9,4.4,.323,47,6.32,89.5,1.7,0,63,155,44,262,36.3,95.6,2204,18.8,5.3,84.5,2209,9.1,,,,,11.5,,22.9,24,59.2,16.8,24,
Gray, Sonny,543243,2023,33,17.0,19,27.9,10.3,.167,51,0.53,89.8,19.6,4.8,24,118,115,257,15.2,92.6,2404,13.9,17.9,83,2630,17.7,9.3,87,1658,15.4,26.8,16.3,14.4,,45.9,44.7,9.3,
Lyles, Jordan,543475,2023,32,17.1,15,19.7,5.3,.296,52,5.19,89.5,17.8,10.5,19,148,55,284,33.8,90.8,2215,19.2,,,,,6.7,85.3,1752,16.1,19.4,16.9,1.4,,52.1,41.2,6.7,
Wheeler, Zack,554430,2023,33,15.2,18,26.5,10.3,.250,47,4.02,85.8,16.3,0,1,162,76,281,42.7,95.9,2463,18.6,17.4,91.6,2561,8.3,0.4,90.8,1991,21.4,9.6,14.9,,,57.7,42,0.4,
Corbin, Patrick,571578,2023,33,14.0,9,12.7,8.5,.375,42,7.71,92.8,4.2,10.7,21,139,103,263,9.5,91.6,2010,16.8,39.2,79.1,2153,3.7,8,79.7,1495,16.5,,43.3,,,52.9,39.2,8,
Mikolas, Miles,571945,2023,34,14.1,15,19.7,3.9,.420,43,10.05,91.7,10.8,14.3,9,137,131,277,28.9,93.2,2327,15.5,29.6,86.4,2391,5.1,3.2,83,1643,17,17.7,20.6,,,49.5,47.3,3.2,
Stroman, Marcus,573186,2023,32,18.0,20,28.2,11.3,.161,54,1.00,87.5,-0.3,0,16,166,18,277,3.6,91.5,2444,17.5,6.5,86.9,2833,6.3,,,,,,40.4,15.9,5.8,59.9,34.3,5.8,
Gausman, Kevin,592332,2023,32,20.0,25,31.6,3.8,.224,60,1.35,91.8,13.6,5.9,110,142,27,279,50.9,93.6,2202,20.7,9.7,82.3,2159,3.8,,,,,,,,39.4,50.9,9.7,39.4,
Velasquez, Vince,592826,2023,31,13.1,10,16.4,11.5,.259,40,5.40,88,25.7,11.4,30,127,99,256,47.3,93.5,2493,18.9,26.6,83.6,2546,9.6,11.7,89.1,1668,14.7,12.1,2.3,,,49.6,38.7,11.7,
Rodriguez, Eduardo,593958,2023,30,16.0,9,13.6,7.6,.267,48,4.50,85.7,16.6,5.8,59,210,10,279,34.4,92.4,2221,17,3.6,83.8,2140,3.1,21.1,86.4,1938,19.5,,14.7,26.2,,75.3,3.6,21.1,
deGrom, Jacob,594798,2023,35,16.2,27,40.9,3.0,.234,50,4.32,85.8,11.5,10.8,26,142,95,263,54,98.8,2566,19.5,33.8,91.9,2653,6.4,9.9,91.4,1687,15.1,2.3,,,,54,36.1,9.9,
Bassitt, Chris,605135,2023,34,15.1,12,17.1,11.4,.288,46,7.63,90.4,15.6,14.3,30,155,61,273,6.2,92.6,2126,14.9,8.1,81,2366,9.8,10.3,83.6,1808,17.6,14.3,39.2,11.4,0.7,56.8,32.2,11,
Nola, Aaron,605400,2023,30,15.1,15,22.4,4.5,.313,46,7.04,88.9,19.1,10.2,34,166,59,259,37.5,92,2299,21,,,,,13.1,85.5,1551,18.4,22.8,12.4,14.3,,64.1,22.8,13.1,
Snell, Blake,605483,2023,30,13.0,16,24.2,15.2,.327,39,6.92,90.8,14.5,10,15,175,91,281,62.3,94.6,2382,19.7,17.8,88.7,2316,10.3,5.3,87.1,1739,17.2,14.6,,,,62.3,32.4,5.3,
Springs, Jeffrey,605488,2023,30,16.0,24,43.6,7.3,.080,48,0.56,88.1,15,3.8,72,86,27,211,40.8,91.7,2237,20.6,12.8,85.1,2262,6.8,34.1,80.3,1424,14.7,,,,,40.8,25.1,34.1,
Turnbull, Spencer,605513,2023,30,13.0,10,15.9,9.5,.345,39,9.00,89.1,6.3,6.7,30,118,75,223,29.6,92.6,2475,10.9,24.2,83.5,2507,8.6,13.5,87.6,1877,19,9.4,23.3,,,52.9,33.6,13.5,
Martinez, Nick,607259,2023,32,17.2,11,14.1,12.8,.221,53,5.60,86.1,4,12.3,82,161,51,294,13.6,92.3,2359,19.2,,,,,27.9,80.4,2040,14.7,17.3,23.8,17.3,,54.8,17.3,27.9,
Freeland, Kyle,607536,2023,30,18.2,11,15.7,7.1,.200,56,0.96,90,19.6,5.6,16,117,110,243,11.1,88.4,2421,15.4,29.6,85,2248,6.4,6.6,84.6,1684,14.4,15.6,37,,,48.1,45.3,6.6,
Lugo, Seth,607625,2023,33,13.0,12,24.0,8.0,.196,39,1.38,87.7,-6.1,8.8,3,106,93,202,34.7,93.3,2248,19.6,11.4,83.8,2588,6.7,1.5,86.6,1907,19.5,34.7,17.8,,,52.5,46,1.5,
Giolito, Lucas,608337,2023,28,15.0,16,22.2,4.2,.328,45,6.00,86.2,20.5,9.8,76,122,84,282,43.3,93.3,2145,18.8,26.6,83.5,1888,2.9,27,80.3,1506,17,3.2,,,,43.3,29.8,27,
Marquez, German,608566,2023,28,16.1,13,20.6,3.2,.224,49,4.41,92.5,6,10.9,3,136,105,244,35.2,95.8,2164,17.7,25.8,88.6,2412,6.2,1.2,85.7,1746,13.3,17.2,20.5,,,55.7,43,1.2,
Castillo, Luis,622491,2023,30,17.2,17,26.2,6.2,.148,53,1.02,90,16.4,4.5,42,177,49,268,42.5,95,2355,18.8,18.3,85.4,2322,4.2,15.7,87.8,1986,18,,23.5,,,66,18.3,15.7,
Urias, Julio,628711,2023,26,18.0,20,30.3,3.0,.210,54,1.50,87.5,13.5,2.3,37,137,0,262,44.3,92.6,2404,17.5,,,,,14.1,85.8,1757,15.4,,,8,,52.3,33.6,14.1,
Lopez, Pablo,641154,2023,27,20.0,26,36.6,7.0,.123,60,1.35,84.6,6.6,5.1,57,133,21,271,33.6,95.3,2314,15.2,,,,,21,88.8,2126,16.7,7.7,15.5,,,49.1,29.9,21,
Keller, Brad,641745,2023,27,17.0,16,23.2,11.6,.186,51,2.12,91,6.4,7,1,154,114,287,30,93.8,2389,12.7,14.6,85.5,2408,12.4,0.3,89.1,2239,11.2,25.1,23.7,,,53.7,46,0.3,
Alcantara, Sandy,645261,2023,27,18.2,11,14.5,7.9,.235,56,5.79,89.1,6.5,5.1,75,149,49,273,25.6,97.4,2228,19.3,17.9,90.6,2311,6.5,27.5,90.9,2057,19,,28.9,,,54.6,17.9,27.5,
Cease, Dylan,656302,2023,27,16.1,24,34.8,10.1,.102,49,1.65,90.6,7.5,8.6,12,94,177,283,33.2,96,2596,18.2,42,86.5,2873,4.5,4.2,78.4,1798,16.7,20.5,,,,33.2,62.5,4.2,
Flaherty, Jack,656427,2023,27,15.1,13,20.0,21.5,.184,46,1.76,84.9,10,2.7,7,143,124,274,40.1,92.6,2264,12.9,34.3,83,2426,7.8,2.6,84.7,1703,12.9,10.9,1.8,10.2,,52.2,45.3,2.6,
Keller, Mitch,656605,2023,27,17.2,22,29.3,10.7,.239,53,3.57,82.9,2,11.1,12,190,47,301,21.3,95.7,2384,17.7,,,,,4,90.8,1708,18.6,15.6,17.9,23.9,,63.1,32.9,4,
Megill, Tylor,656731,2023,27,16.0,13,20.0,10.8,.207,48,2.25,89.1,15.4,8.9,43,133,86,262,50.8,94.1,2232,19.8,27.1,82.9,2175,5.3,16.4,88.3,1580,18,5.7,,,,50.8,32.8,16.4,
Montgomery, Jordan,656756,2023,30,18.1,17,22.7,6.7,.217,55,2.45,88.2,9.4,9.4,54,178,55,287,18.5,93.4,2400,17.5,,,,,18.8,83.9,1742,16.5,19.2,38.3,5.2,,62,19.2,18.8,
Peterson, David,656849,2023,27,14.2,16,23.9,11.9,.328,44,4.91,86.3,6,4.7,54,126,85,265,30.6,93.3,2170,16,24.9,85.8,2454,3.8,20.4,86,1629,18.4,7.2,17,,,47.5,32.1,20.4,
Rasmussen, Drew,656876,2023,27,13.0,15,35.7,0.0,.071,39,0.00,83.5,6.5,3.7,0,118,13,149,34.9,96.1,2502,17.8,,,,,,,,,8.7,8.7,35.6,,79.2,20.8,,
Webb, Logan,657277,2023,26,17.0,22,31.4,4.3,.269,51,4.76,89.7,8.4,11.1,81,123,63,267,3,91.8,2040,16.7,23.6,84.2,2563,9.8,30.3,86.6,1513,11.6,,43.1,,,46.1,23.6,30.3,
Ryan, Joe,657746,2023,27,19.0,26,37.1,4.3,.134,57,2.84,90.4,23.9,4.9,53,148,0,253,58.5,92.5,2159,17.3,,,,,,,,,,,,20.9,58.5,20.6,20.9,
Ohtani, Shohei,660271,2023,28,19.0,24,32.0,16.0,.100,57,0.47,87.6,15.2,0,25,112,14,296,24,97.1,2288,16.3,2.4,82.2,2577,15.7,,,,,2.4,7.8,6.1,8.4,37.8,53.7,8.4,
McClanahan, Shane,663556,2023,26,17.0,21,30.9,13.2,.186,51,1.59,88.6,5.6,7.9,62,137,77,276,49.6,97.3,2252,21,9.4,89.2,2352,4.8,22.5,88.2,1668,18.9,18.5,,,,49.6,27.9,22.5,
Falter, Bailey,663559,2023,26,15.0,9,14.5,1.6,.311,45,4.80,88.4,6.8,7.7,27,127,98,252,47.2,90.1,2039,18.9,13.1,83.7,1878,9.1,10.7,84.4,1650,18.4,25.8,3.2,,,50.4,38.9,10.7,
Valdez, Framber,664285,2023,29,19.0,18,23.4,7.8,.246,57,1.89,92.1,-1.2,5.9,51,183,61,295,0.3,94.9,2209,10.9,,,,,17.3,89.9,1695,17.4,20.7,52.9,8.8,,62,20.7,17.3,
Javier, Cristian,664299,2023,26,17.0,14,19.7,2.8,.269,51,4.24,87.2,14.2,9.3,8,156,113,277,56.3,92.6,2259,19.5,28.9,78.8,2548,14.2,2.9,83.2,2306,18.9,11.9,,,,56.3,40.8,2.9,
Urquidy, Jose,664353,2023,28,15.1,13,20.0,7.7,.267,46,2.35,83.6,15.4,6.4,50,106,51,270,26.3,92.7,2232,21.7,,,,,18.5,86.4,2071,20.1,18.9,13,,,39.3,42.2,18.5,
Lodolo, Nick,666157,2023,25,17.0,27,36.0,8.0,.265,51,2.12,88.2,7.5,9.5,31,160,121,312,46.2,93.2,2310,21.4,,,,,9.9,87.3,1969,19.3,38.8,5.1,,,51.3,38.8,9.9,
Luzardo, Jesus,666200,2023,25,18.2,20,27.0,8.1,.224,56,1.93,87.1,15.1,6.4,53,154,81,288,38.9,97.1,2295,19.7,28.1,85.6,2340,2.3,18.4,88.5,1985,17.9,,14.6,,,53.5,28.1,18.4,
Manoah, Alek,666201,2023,25,14.2,11,15.9,15.9,.246,44,4.91,90.1,16.7,10.9,30,164,83,276,28.3,92.7,2353,17.5,30.1,80.3,2184,13.9,10.9,85.4,2087,18.3,,30.8,,,59.1,30.1,10.9,
Muller, Kyle,666205,2023,25,14.2,11,16.4,10.4,.263,44,5.52,91.4,4.9,6.3,12,133,109,254,52.4,92.8,2430,15.5,32.3,86.5,2078,4.2,4.7,87.3,1528,13.3,10.6,,,,52.4,42.9,4.7,
Gallen, Zac,668678,2023,27,17.2,21,29.2,6.9,.239,53,4.58,89.4,15.4,4.3,45,143,83,271,37.3,93.1,2381,19.3,,,,,16.6,86.6,1540,15,30.6,,15.5,,52.8,30.6,16.6,
Greene, Hunter,668881,2023,23,14.0,23,34.8,9.1,.288,42,5.14,90.7,21.6,8.3,5,157,98,259,60.2,99.5,2366,20.3,37.8,88.7,2354,5.8,1.9,91.6,2010,18.5,,,,,60.2,37.8,1.9,
Ashcraft, Graham,668933,2023,25,13.0,13,25.5,7.8,.213,39,2.08,87.5,9.2,8.8,0,113,77,190,,,,,40.5,88.8,2846,13,,,,,,12.1,47.4,,59.5,40.5,,
Gore, MacKenzie,669022,2023,24,15.0,18,28.6,15.9,.226,45,3.00,89.5,7.2,2.9,1,170,108,279,60.9,94.5,2269,17.4,19.7,88.4,2001,6.6,0.4,86,1972,18.4,19,,,,60.9,38.7,0.4,
May, Dustin,669160,2023,25,18.1,12,17.6,10.3,.115,55,1.47,87.6,15.8,6.1,12,195,36,243,44,97.5,2295,18.8,,,,,4.9,90.1,1802,17.3,14.8,21.4,14.8,,80.2,14.8,4.9,
Burnes, Corbin,669203,2023,28,17.1,14,19.4,6.9,.215,52,5.19,88.1,1.1,5.9,46,153,70,269,,,,,10.4,86.8,2824,8.1,17.1,89.6,2072,16,15.6,5.6,51.3,,56.9,26,17.1,
Gilbert, Logan,669302,2023,26,16.2,20,29.9,6.0,.226,50,2.70,86.9,9.1,2.3,29,122,109,260,46.9,94.3,1938,18.2,24.6,88.4,1847,2.4,,,,,17.3,,,11.2,46.9,41.9,11.2,
Bieber, Shane,669456,2023,28,19.0,14,19.2,5.5,.206,57,2.37,92.5,8.7,7.3,9,153,113,275,25.1,90.7,2215,20.8,32,84.4,2501,5.5,3.3,86.9,1620,16.5,9.1,,30.5,,55.6,41.1,3.3,
Strider, Spencer,675911,2023,24,16.0,27,40.9,12.1,.190,48,3.38,88.8,18.9,6.5,15,180,87,282,63.8,97.1,2418,19.4,30.9,84.5,2403,5.4,5.3,85.3,2190,18.7,,,,,63.8,30.9,5.3,
Gray, Josiah,680686,2023,25,16.2,13,18.1,6.9,.297,50,4.32,84.1,7.4,9.6,2,119,171,292,18.2,93.9,2158,17.5,33.6,86.4,1915,6.3,0.7,90.3,1795,17.4,25,8.6,14,,40.8,58.6,0.7,
Waldichuk, Ken,686610,2023,25,15.0,11,15.1,9.6,.344,45,10.20,86.8,11.9,9.3,40,168,17,274,61.3,92.8,2306,18.6,,,,,14.6,83.8,1651,17.7,6.2,,,,61.3,24.1,14.6,
Wainwright, Adam,425794,2021,39,206.1,174,21.0,6.0,.220,619,3.05,88.2,10,6.2,196,1825,1034,3055,9.5,89,2228,14.9,,,,,6.4,82.7,1715,16,33.8,28.2,22.1,,59.7,33.8,6.4,
Greinke, Zack,425844,2021,37,171.0,120,17.2,5.2,.252,513,4.16,88.3,10.6,6.5,573,1174,813,2560,40.1,88.9,2234,16.7,15.3,83.6,2357,9,22.4,86.4,1594,13.7,16.5,5.7,,,45.9,31.8,22.4,
Morton, Charlie,450203,2021,37,185.2,216,28.6,7.7,.203,557,3.34,88.1,7.7,4.9,159,1732,1096,2987,36,95.5,2340,18.2,,,,,5.3,86.4,2100,18.4,36.7,13.5,8.5,,58,36.7,5.3,
Scherzer, Max,453286,2021,36,179.1,236,34.1,5.2,.185,538,2.46,87.9,19.3,8,421,1581,819,2821,46.7,94.3,2436,19.3,19.2,85.9,2273,5.8,14.9,85,1446,15.9,9.8,,9.4,,56,29,14.9,
Miley, Wade,489119,2021,34,163.0,125,18.1,7.2,.265,489,3.37,85.7,8,6.1,707,1660,224,2591,16.3,89.9,2239,17,5.2,79.2,2310,12.8,27.3,81.9,1807,16.4,3.5,1.2,46.6,,64.1,8.6,27.3,
Gibson, Kyle,502043,2021,33,182.0,155,20.6,8.5,.234,546,3.71,88.8,7.4,4.9,384,1774,723,2881,12.7,92.8,2292,17.4,16,83.5,2513,6.3,13.3,84.8,1641,15.2,9.1,34,14.9,,61.6,25.1,13.3,
Darvish, Yu,506433,2021,34,166.1,199,29.2,6.5,.222,499,4.22,88.2,16.6,8.8,135,911,1091,2767,22.1,94.5,2513,20.1,31,86.2,2792,5.9,,,,,8.4,8.3,2.5,4.9,32.9,62.2,4.9,
Anderson, Tyler,542881,2021,31,167.0,134,19.1,5.4,.262,501,4.53,87,18.2,8.5,641,1920,40,2601,37.3,90.6,2291,20.5,0.9,80,2458,5.7,24.6,80.9,1835,19,0.6,10.3,26.2,,73.8,1.5,24.6,
Cole, Gerrit,543037,2021,30,181.1,243,33.5,5.6,.223,544,3.23,88.7,12.5,9.8,421,1424,1124,2969,47.1,97.7,2452,21.7,22.2,88.4,2600,6,14.2,89.8,1719,18.9,15.7,0.8,,,48,37.9,14.2,
DeSclafani, Anthony,543101,2021,31,167.2,152,22.5,6.2,.225,503,3.17,88.9,11.6,8.1,269,1168,1121,2558,27.1,94.1,2265,19,35.7,87.9,2198,6.8,10.5,88.2,1583,16.6,8.1,18.6,,,45.7,43.8,10.5,
Eovaldi, Nathan,543135,2021,31,182.1,195,25.5,4.6,.253,547,3.75,88,12.8,6.3,372,1603,952,2927,42.3,96.8,2113,18.9,13.8,85.8,2156,6.8,,,,,18.8,,12.5,12.7,54.8,32.5,12.7,
Hendricks, Kyle,543294,2021,31,181.0,131,16.7,5.6,.278,543,4.77,86.3,11.1,8.4,778,1702,329,2809,17.8,87.3,1942,17,,,,,27.7,80,2008,17.4,11.7,42.8,,,60.6,11.7,27.7,
Lyles, Jordan,543475,2021,30,180.0,146,19.0,7.3,.278,540,5.15,89.9,15.3,9.1,216,1517,811,2964,39.4,93,2278,19.5,9.2,84.9,2705,6.5,7.3,86.4,1595,16.9,18.2,9,2.8,,51.2,41.5,7.3,
Ryu, Hyun Jin,547943,2021,34,169.0,143,20.4,5.3,.258,507,4.37,89.6,9.8,8.5,684,1653,352,2689,35.2,89.9,1944,17.8,0.5,79.8,2059,5.2,25.4,79.9,1511,15.9,12.6,0.8,25.5,,61.5,13.1,25.4,
Wheeler, Zack,554430,2021,31,213.1,247,29.1,5.4,.215,640,2.78,84.6,8.4,4.6,120,1944,1141,3205,42.6,97.2,2388,17.8,24.9,91.5,2391,7,3.7,90.6,1590,17.3,10.7,18.1,,,60.7,35.6,3.7,
Corbin, Patrick,571578,2021,31,171.2,143,19.0,8.0,.286,515,5.82,89.4,9,9.2,116,1558,1076,2750,28.3,92.3,2148,17.2,38.2,80.7,2215,4.2,4.2,81.5,1619,16.9,0.9,28.1,0.3,,56.7,39.1,4.2,
Keuchel, Dallas,572971,2021,33,162.0,95,13.2,8.2,.290,486,5.28,88.3,5,9,779,1755,192,2726,2.1,89,2210,15.6,7,77.8,2374,7.6,28.6,79.6,1630,15.8,,37.9,24.4,,64.4,7,28.6,
Stroman, Marcus,573186,2021,30,179.0,158,21.6,6.0,.242,537,3.02,89.1,6.3,6.5,441,1646,55,2741,2.6,92.6,2438,14.2,1.6,87.2,2643,5.3,,,,,0.4,42,15.4,16.1,60.1,23.9,16.1,
Gausman, Kevin,592332,2021,30,192.0,227,29.3,6.5,.210,576,2.81,89.1,12.1,7.1,1233,1583,186,3002,52.7,94.6,2283,19.5,6.2,82,2197,3.5,5.6,83.8,1641,16.5,,,,35.5,52.7,6.2,41.1,
Ray, Robbie,592662,2021,29,193.1,248,32.1,6.7,.210,580,2.84,90.4,17.6,9.8,113,1869,1159,3141,59.2,94.8,2272,19.1,30.8,88.6,2186,7.6,3.6,88.2,1726,17.1,6.1,0.3,,,59.5,36.9,3.6,
Montas, Frankie,593423,2021,28,187.0,207,26.6,7.3,.232,561,3.37,89.3,11.6,8.7,677,1961,390,3028,29.1,96.4,2398,18.9,12.9,88.1,2478,7.8,,,,,,29.2,6.5,22.4,64.8,12.9,22.4,
Musgrove, Joe,605397,2021,28,181.1,203,27.1,7.2,.213,544,3.18,87.8,11.6,7.2,142,1282,1514,2938,20.3,93.3,2600,14,27.8,84.1,2784,14.3,4.8,87.1,2069,10.8,23.8,5.1,18.2,,43.6,51.5,4.8,
Nola, Aaron,605400,2021,28,180.2,223,29.8,5.2,.237,542,4.63,88.9,14.4,7.1,589,1581,801,2971,37.5,92.9,2198,19.5,,,,,19.8,85.2,1511,15.5,27,14.1,1.5,,53.2,27,19.8,
Woodruff, Brandon,605540,2021,28,179.1,211,29.8,6.1,.200,538,2.56,86.2,10.6,5.8,399,1698,713,2810,33.7,96.5,2356,17.9,8.6,86.5,2553,5.4,14.2,86.5,1906,16.4,16.8,26.7,,,60.4,25.4,14.2,
Fried, Max,608331,2021,27,165.2,158,23.7,6.1,.227,497,3.04,86.5,6.1,6.3,55,1288,1208,2558,39,94,2114,13.1,21.6,84.7,2483,9.5,2.2,84.7,1411,13.6,25.6,11.3,,,50.4,47.5,2.2,
Giolito, Lucas,608337,2021,26,178.2,201,27.9,7.2,.219,536,3.53,87.7,18.3,6.7,944,1303,723,2970,43.9,93.8,2345,20.3,21.5,85.6,2028,6.1,31.8,81.5,1492,16.7,2.9,,,,43.9,24.3,31.8,
Irvin, Cole,608344,2021,27,178.1,125,16.3,5.5,.275,535,4.24,89.3,16.2,7.3,589,1607,486,2682,40.5,90.8,1956,18.6,14.8,83,2008,3.9,22,84.2,1584,15.8,3.3,19.2,0.1,,59.9,18.1,22,
Marquez, German,608566,2021,26,180.0,176,23.3,8.5,.242,540,4.40,88.9,5.2,5.3,58,1474,1256,2788,45.5,94.8,2078,13.2,26.9,86.2,2420,3.3,2.1,86.1,1670,13.7,18.2,7.4,,,52.9,45.1,2.1,
Buehler, Walker,621111,2021,26,207.2,212,26.0,6.4,.199,623,2.47,88.2,11.1,6.8,151,2151,850,3152,44.4,95.3,2472,18.4,13.8,84.9,2798,14.6,4.8,91.5,1522,14.4,13.2,7.4,16.4,,68.2,27,4.8,
McCullers Jr., Lance,621121,2021,27,162.1,185,27.0,11.1,.205,487,3.16,89.8,5.1,5.3,383,990,1415,2788,,,,,25.9,86,2797,14.8,13.7,85.8,1682,17.5,24.9,34,1.5,,35.5,50.8,13.7,
Berrios, Jose,621244,2021,27,192.0,204,26.1,5.8,.223,576,3.52,88.4,12.4,9.1,402,1712,3,3043,26.7,94.1,2231,17.7,,,,,13.2,84.8,1521,14.9,0.1,29.5,,,56.3,30.5,13.2,
Castillo, Luis,622491,2021,28,187.2,192,23.9,9.3,.255,563,3.98,87.7,4.2,4.5,964,1650,550,3164,28.5,97.1,2325,17.2,17.4,86.4,2441,2.7,30.5,88.3,1971,16.9,,23.6,,,52.1,17.4,30.5,
Flexen, Chris,623167,2021,26,179.2,125,16.9,5.4,.268,539,3.61,89.5,11.5,6.3,431,1950,430,2811,40,92.8,2107,18.6,,,,,15.3,82.7,1326,15.7,15.3,,29.4,,69.4,15.3,15.3,
Urias, Julio,628711,2021,24,185.2,195,26.2,5.1,.219,557,2.96,86,15.5,5.3,483,1349,0,2786,48.3,94.1,2499,17.8,,,,,17.3,86.8,1921,16.4,,0.1,,,48.4,34.2,17.3,
Manaea, Sean,640455,2021,29,179.1,194,25.7,5.4,.255,538,3.91,90.2,13.3,8,725,1787,468,2980,,,,,15,82.8,2004,6.1,24.3,84.5,1377,14.2,0.7,60,,,60,15.7,24.3,
Mahle, Tyler,641816,2021,26,180.0,210,27.7,8.4,.234,540,3.75,87.8,13.3,6.5,509,1845,842,3196,53,94,2336,21,26.3,86.7,2535,7.9,,,,,,,4.8,15.9,57.7,26.3,15.9,
Alcantara, Sandy,645261,2021,25,205.2,201,24.0,6.0,.223,617,3.19,87.6,4.5,6.1,728,1541,826,3095,21.6,98.1,2239,17.5,24.1,90.4,2359,4.7,23.5,91.8,2005,16.5,2.6,28.2,,,49.8,26.7,23.5,
Cease, Dylan,656302,2021,25,165.2,226,31.9,9.6,.223,497,3.91,89.2,18.5,9.9,219,1383,1355,2957,46.8,96.7,2543,19.4,30.6,85.9,2880,7.6,7.4,78.1,1641,17.4,15.2,,,,46.8,45.8,7.4,
Burnes, Corbin,669203,2021,26,167.0,234,35.6,5.2,.201,501,2.43,85.5,8.4,3.1,250,1632,712,2594,1.6,96.4,2607,15.1,9.2,88,2861,8.2,9.6,90.7,1873,16.1,18.3,9.1,52.2,,62.9,27.4,9.6,