last_name, first_name,player_id,year,player_age,b_ab,b_total_hits,b_home_run,b_bb_percent,batting_avg,on_base_percent,on_base_plus_slg,b_rbi,b_game,r_run,exit_velocity_avg,launch_angle_avg,sweet_spot_percent,barrel_batted_rate,
Blackmon, Charlie,453568,2023,36,44,15,1,8.0,.341,.420,.897,4,12,6,83.3,17.4,45,5,
Solano, Donovan,456781,2023,35,38,13,0,4.9,.342,.390,.811,3,11,4,90.9,14.9,46.7,3.3,
McCutchen, Andrew,457705,2023,36,34,11,1,21.3,.324,.468,.968,4,12,5,89.4,20.8,41.4,10.3,
Turner, Justin,457759,2023,38,47,12,0,13.8,.255,.379,.698,4,13,7,89.6,11.9,31.7,0,
Andrus, Elvis,462101,2023,34,48,7,0,2.0,.146,.176,.343,4,13,3,88.6,4.1,30,0,
Santana, Carlos,467793,2023,37,48,12,2,11.1,.250,.333,.813,6,13,5,89.4,16.4,44.4,11.1,
Escobar, Eduardo,500871,2023,34,39,4,1,4.7,.103,.140,.345,4,12,3,84.2,15.7,23.3,3.3,
Martinez, J.D.,502110,2023,35,50,14,1,5.4,.280,.321,.881,9,13,8,97.9,18.3,42.4,18.2,
Goldschmidt, Paul,502671,2023,35,48,17,1,16.9,.354,.475,.995,7,13,8,95.6,18.3,38.5,12.8,
Segura, Jean,516416,2023,33,44,8,0,6.4,.182,.234,.416,0,12,2,89.5,-3.9,25,3.1,
Marte, Starling,516782,2023,34,41,11,1,8.7,.268,.348,.762,2,12,5,86.3,12.4,41.7,8.3,
Freeman, Freddie,518692,2023,33,51,17,1,15.0,.333,.433,.904,3,13,12,91.2,11.9,58.1,9.3,
Grandal, Yasmani,518735,2023,34,38,10,1,9.3,.263,.349,.770,5,12,3,85.1,3.5,25.9,3.7,
LeMahieu, DJ,518934,2023,34,38,10,1,9.5,.263,.333,.833,3,10,8,95.3,6,36,12,
Rizzo, Anthony,519203,2023,33,43,14,3,11.5,.326,.423,1.004,8,12,7,94.4,19,47.4,10.5,
Stanton, Giancarlo,519317,2023,33,44,11,3,4.3,.250,.283,.783,8,11,6,95.8,7.7,28.6,20,
Perez, Salvador,521692,2023,33,47,10,2,2.0,.213,.245,.628,6,12,3,88.9,25.4,31.6,10.5,
Ozuna, Marcell,542303,2023,32,36,3,2,12.2,.083,.195,.445,2,11,3,89.4,0.7,21.7,17.4,
Aguilar, Jesus,542583,2023,33,40,10,1,6.7,.250,.289,.639,4,12,2,86.5,20.3,31,0,
Berti, Jon,542932,2023,33,39,9,1,4.9,.231,.268,.576,2,12,5,86.5,5.8,37.9,3.4,
Cron, C.J.,543068,2023,33,44,10,4,4.3,.227,.261,.806,8,11,4,92.6,17,36.7,23.3,
Semien, Marcus,543760,2023,32,52,11,1,1.9,.212,.222,.549,7,12,8,85,17.4,38.1,0,
Springer III, George,543807,2023,33,56,15,2,5.1,.268,.305,.680,6,13,9,84,16.9,22.7,6.8,
Wong, Kolten,543939,2023,32,38,4,0,9.1,.105,.205,.310,3,11,3,83.9,12.5,16.7,0,
Trout, Mike,545361,2023,31,42,11,3,20.0,.262,.436,.960,9,12,10,95.4,14.2,40,13.3,
Abreu, Jose,547989,2023,36,55,16,0,5.1,.291,.339,.666,4,13,2,86.6,7.1,27.5,2.5,
Diaz, Elias,553869,2023,32,38,13,2,9.3,.342,.419,.998,7,13,7,87.5,12.1,24.1,6.9,
Suarez, Eugenio,553993,2023,31,55,17,1,3.4,.309,.328,.746,11,13,5,90.8,15.8,46.2,7.7,
Urshela, Gio,570482,2023,31,44,15,0,4.3,.341,.370,.756,3,11,8,89.2,5.1,35.3,0,
Arenado, Nolan,571448,2023,32,53,17,2,8.5,.321,.373,.845,13,13,6,87.9,16.5,28.9,6.7,
Hernandez, Enrique,571771,2023,31,44,5,2,11.8,.114,.235,.531,6,13,7,86.2,22,26.7,6.7,
Muncy, Max,571970,2023,32,42,9,5,15.7,.214,.353,.924,13,12,10,93.6,22.8,33.3,29.2,
Myers, Wil,571976,2023,32,44,9,0,12.0,.205,.300,.527,4,12,4,89.1,20.8,32.1,3.6,
Taylor, Michael A.,572191,2023,32,47,12,3,0.0,.255,.271,.760,7,13,4,91.5,16.1,39.3,17.9,
Walker, Christian,572233,2023,32,45,8,2,6.1,.178,.224,.558,7,12,3,82,16.7,23.7,5.3,
Yastrzemski, Mike,573262,2023,32,45,11,2,4.3,.244,.277,.743,5,12,8,91.8,16.3,28.6,11.4,
Contreras, Willson,575929,2023,31,41,7,0,10.9,.171,.261,.456,2,12,4,89.4,12.3,33.3,6.1,
Bryant, Kris,592178,2023,31,49,15,0,7.4,.306,.370,.738,3,12,5,84.1,13.8,33.3,0,
Canha, Mark,592192,2023,34,45,9,1,11.1,.200,.315,.670,4,13,6,86.1,20.4,36.4,9.1,
Castellanos, Nick,592206,2023,31,48,14,0,12.7,.292,.382,.840,7,13,11,87.8,4.2,30.8,3.8,
Judge, Aaron,592450,2023,31,47,14,4,12.7,.298,.382,.956,7,13,10,94.5,22.7,41.4,17.2,
Machado, Manny,592518,2023,30,56,14,1,5.0,.250,.283,.640,6,14,6,89,15.9,31,4.8,
Pederson, Joc,592626,2023,31,33,8,2,15.0,.242,.350,.895,9,10,3,97.1,19.2,33.3,23.8,
Realmuto, J.T.,592663,2023,32,44,9,1,2.2,.205,.222,.586,3,11,3,84.7,13.4,37,7.4,
Renfroe, Hunter,592669,2023,31,44,13,3,15.4,.295,.404,.972,9,12,8,88,11.8,23.7,7.9,
Yelich, Christian,592885,2023,31,53,12,1,13.1,.226,.328,.630,4,13,11,90.3,5.4,43.8,3.1,
Merrifield, Whit,593160,2023,34,36,9,0,7.1,.250,.310,.587,5,10,4,84.2,13.2,32.3,3.2,
Bogaerts, Xander,593428,2023,30,53,18,4,12.9,.340,.419,1.042,10,14,10,88.4,9.4,27.1,8.3,
Profar, Jurickson,595777,2023,30,36,8,2,7.3,.222,.268,.685,5,10,4,87,18,20,3.3,
Baez, Javier,595879,2023,30,41,5,0,6.7,.122,.178,.324,1,12,3,86.4,5,15.2,0,
Lindor, Francisco,596019,2023,29,44,10,2,14.5,.227,.364,.818,8,13,8,91.9,13.7,48.1,7.4,
Candelario, Jeimer,600869,2023,29,53,12,2,3.5,.226,.263,.622,6,13,6,89.4,12.2,25,5,
Daza, Yonathan,602074,2023,29,48,14,0,0.0,.292,.286,.661,4,12,5,86.2,16.3,33.3,0,
Urias, Ramon,602104,2023,29,37,9,1,7.0,.243,.349,.754,4,11,6,89.3,9.6,29.2,8.3,
Anderson, Brian,605119,2023,30,39,11,3,16.7,.282,.396,.934,10,13,9,90.4,8.6,33.3,22.2,
Bell, Josh,605137,2023,30,46,5,0,16.1,.109,.250,.380,4,12,2,87.8,-4.8,9.1,0,
Betts, Mookie,605141,2023,30,48,13,2,18.3,.271,.417,.917,5,13,12,91.6,11.4,44.4,11.1,
Arcia, Orlando,606115,2023,28,45,15,2,8.0,.333,.400,.911,7,13,10,91,3.5,22.9,8.6,
Hernandez, Teoscar,606192,2023,30,51,11,3,1.8,.216,.273,.704,8,13,4,90.7,13.2,36.1,13.9,
Marte, Ketel,606466,2023,29,48,11,1,3.9,.229,.275,.691,2,12,9,92.2,8.1,22,7.3,
Nimmo, Brandon,607043,2023,30,37,9,0,23.5,.243,.431,.729,5,12,6,88.6,1.9,26.5,0,
Peterson, Jace,607054,2023,33,38,9,1,7.1,.237,.286,.654,7,12,4,84.9,12.6,36.7,3.3,
Turner, Trea,607208,2023,30,57,18,0,5.0,.316,.350,.771,3,13,8,87.8,20.2,38.6,2.3,
Ramirez, Jose,608070,2023,30,51,15,0,14.8,.294,.393,.844,6,13,7,87.2,15.8,25.5,2.1,
Bregman, Alex,608324,2023,29,51,10,2,16.1,.196,.339,.672,6,13,10,89.8,20.6,41.5,7.3,
Seager, Corey,608369,2023,29,39,14,1,18.4,.359,.469,1.008,4,11,7,95.2,8.1,36.4,18.2,
Meneses, Joey,608841,2023,31,49,11,0,7.5,.224,.283,.589,2,12,4,89.4,8.1,43.2,13.5,
Swanson, Dansby,621020,2023,29,40,16,0,11.1,.400,.467,.917,5,10,10,90.9,3.9,31.3,15.6,
Correa, Carlos,621043,2023,28,36,8,1,10.0,.222,.300,.661,3,9,4,91.1,23.8,34.6,15.4,
Buxton, Byron,621439,2023,29,45,13,2,8.2,.289,.347,.836,5,12,9,90.3,20.5,43.3,16.7,
Ward, Taylor,621493,2023,29,48,14,2,12.5,.292,.393,.830,6,12,10,88.7,11.6,40.5,5.4,
Olson, Matt,621566,2023,29,51,15,4,16.4,.294,.410,1.037,12,13,9,96.3,5.2,41.4,27.6,
Mateo, Jorge,622761,2023,28,35,10,2,7.3,.286,.341,.827,8,11,9,88.7,7.4,17.9,7.1,
Santander, Anthony,623993,2023,28,43,8,0,10.2,.186,.265,.544,4,11,2,93.4,17.2,33.3,11.1,
Alonso, Pete,624413,2023,28,48,12,6,12.7,.250,.345,.991,12,13,11,89.3,11.2,38.5,20.5,
Arroyo, Christian,624414,2023,28,37,7,0,5.0,.189,.225,.468,3,12,3,85.3,20.2,34.5,0,
Conforto, Michael,624424,2023,30,40,9,3,16.3,.225,.367,.817,6,11,9,94.4,15.2,36,12,
Frazier, Adam,624428,2023,31,37,10,1,11.9,.270,.357,.790,5,13,8,89.2,10.7,35.3,2.9,
Gordon, Nick,624503,2023,27,39,4,0,2.5,.103,.125,.253,0,12,4,87.8,6.7,38.9,0,
Soler, Jorge,624585,2023,31,46,10,4,6.0,.217,.280,.867,8,12,6,96.7,25.5,44.1,26.5,
Cronenworth, Jake,630105,2023,29,46,9,1,12.3,.196,.316,.642,2,14,8,87.4,14,36.4,6.1,
Anderson, Tim,641313,2023,30,47,14,0,4.1,.298,.327,.731,4,11,9,88.3,1.1,40.5,10.8,
Bellinger, Cody,641355,2023,27,42,10,2,8.5,.238,.298,.703,9,11,7,85.8,17.4,38.9,5.6,
Crawford, J.P.,641487,2023,28,43,9,0,13.7,.209,.314,.639,2,13,8,93.5,12.2,30.3,0,
Fraley, Jake,641584,2023,28,31,10,1,20.0,.323,.450,.934,9,11,3,85.4,12,50,8.3,
Mancini III, Trey,641820,2023,31,44,11,1,0.0,.250,.255,.574,9,11,4,87.1,5.5,33.3,3,
McMahon, Ryan,641857,2023,28,44,10,3,10.0,.227,.300,.800,8,13,5,91.2,5.5,37,25.9,
O'Neill, Tyler,641933,2023,28,43,12,2,4.4,.279,.311,.753,4,13,5,93.2,7.6,42.9,14.3,
Smith, Dominic,642086,2023,28,43,12,0,10.4,.279,.354,.633,4,11,6,83.2,5.9,24.3,0,
Tellez, Rowdy,642133,2023,28,37,7,3,13.3,.189,.289,.748,8,11,6,87.3,14.2,46.7,13.3,
Rosario, Amed,642708,2023,27,54,11,1,6.8,.204,.254,.532,4,12,5,89,7.5,26.8,2.4,
Adames, Willy,642715,2023,27,47,12,3,15.8,.255,.368,.837,8,13,9,86.9,19.7,29.7,13.5,
Estrada, Thairo,642731,2023,27,41,14,2,6.8,.341,.386,.923,5,11,7,85.5,8,41.9,6.5,
Benintendi, Andrew,643217,2023,28,50,13,0,5.7,.260,.302,.602,2,12,9,86.3,7.7,29.5,0,
Cooper, Garrett,643265,2023,32,42,14,3,6.7,.333,.378,.997,8,11,4,90,10.8,38.7,12.9,
Kemp, Tony,643393,2023,31,44,10,0,12.0,.227,.320,.593,4,11,6,87.6,10,33.3,2.8,
McNeil, Jeff,643446,2023,31,44,11,0,16.7,.250,.389,.730,5,13,3,88.6,4.5,21.1,2.6,
Albies, Ozzie,645277,2023,26,52,12,2,3.6,.231,.255,.601,6,13,4,84.6,6.1,34.9,4.7,
Robles, Victor,645302,2023,26,39,14,0,10.6,.359,.426,.836,4,13,5,85.8,12.2,22.9,2.9,
Devers, Rafael,646240,2023,26,50,14,5,3.8,.280,.321,.961,12,12,11,95.2,19,45.7,22.9,
Naylor, Josh,647304,2023,26,43,9,2,10.0,.209,.280,.629,9,12,4,88.3,18.9,24.3,10.8,
Diaz, Aledmys,649557,2023,32,42,6,0,8.7,.143,.217,.384,2,12,3,87.4,11.7,36.7,3.3,
Arraez, Luis,650333,2023,26,46,23,1,11.5,.500,.558,1.253,5,13,7,89.6,12.2,45.2,4.8,
Torres, Gleyber,650402,2023,26,39,13,2,22.0,.333,.480,1.070,6,13,9,91.4,12.8,42.4,12.1,
Diaz, Yandy,650490,2023,31,40,11,4,14.3,.275,.388,.988,9,11,13,94.2,14.9,38.9,16.7,
De La Cruz, Bryan,650559,2023,26,35,9,1,10.0,.257,.325,.696,7,11,4,89.9,9.5,36,4,
Rengifo, Luis,650859,2023,26,41,7,1,12.5,.171,.292,.536,6,12,7,88,4,24.1,3.4,
Chapman, Matt,656305,2023,30,47,23,3,9.6,.489,.538,1.390,15,12,10,98.8,15.6,48.6,32.4,
Mullins II, Cedric,656775,2023,28,49,9,2,10.7,.184,.268,.594,9,13,8,87.2,22.5,20,5,
Schwarber, Kyle,656941,2023,30,51,10,4,8.9,.196,.268,.738,7,13,8,92.4,27.9,41.2,20.6,
Thomas, Lane,657041,2023,27,50,15,0,7.3,.300,.364,.704,5,13,6,85.9,13.6,34.2,2.6,
Verdugo, Alex,657077,2023,27,52,16,1,7.1,.308,.357,.799,6,13,10,89,9.8,36.2,6.4,
Laureano, Ramon,657656,2023,28,44,10,2,6.3,.227,.292,.792,4,12,4,91,19.5,46.7,16.7,
Moncada, Yoan,660162,2023,28,39,12,2,2.5,.308,.325,.889,5,9,4,91.3,5.3,27.6,6.9,
Ohtani, Shohei,660271,2023,28,40,12,3,14.9,.300,.404,.979,8,11,7,93.5,9.4,38.5,19.2,
Acuna Jr., Ronald,660670,2023,25,54,20,2,12.9,.370,.452,.989,9,13,10,93.9,4.2,27.3,18.2,
Ruiz, Keibert,660688,2023,24,41,9,1,10.6,.220,.319,.661,3,11,2,85.3,14.8,40,5.7,
Contreras, William,661388,2023,25,37,13,0,9.8,.351,.415,.820,3,10,0,90.2,7.8,35.7,7.1,
Varsho, Daulton,662139,2023,26,45,13,1,13.0,.289,.389,.811,4,13,8,87.9,16,46.9,6.3,
Hoerner, Nico,663538,2023,26,49,17,0,2.0,.347,.373,.781,3,11,12,89,5.6,31.8,0,
Riley, Austin,663586,2023,26,47,16,2,15.5,.340,.448,.959,7,13,8,88.6,5.7,25.7,5.7,
Larnach, Trevor,663616,2023,26,50,13,1,13.6,.260,.356,.716,9,13,5,88.4,20.5,34.4,6.3,
Mountcastle, Ryan,663624,2023,26,53,14,6,5.2,.264,.293,.972,19,13,10,94.7,19.3,50,26.3,
Hayes, Ke'Bryan,663647,2023,26,51,8,0,5.6,.157,.204,.439,3,13,4,91.8,15.5,26.7,2.2,
Tucker, Kyle,663656,2023,26,45,14,4,17.5,.311,.421,1.043,13,13,5,90.8,14.9,51.4,16.2,
India, Jonathan,663697,2023,26,46,14,1,12.7,.304,.418,.875,3,12,13,88,6.8,28.9,5.3,
Raleigh, Cal,663728,2023,26,43,10,1,10.4,.233,.313,.708,8,12,4,87.9,13.3,38.7,19.4,
Grisham, Trent,663757,2023,26,50,10,4,15.3,.200,.322,.802,5,14,7,93.3,27.8,19.4,19.4,
Vierling, Matt,663837,2023,26,37,9,1,7.5,.243,.300,.651,3,10,2,91.8,12.7,33.3,3.7,
Stephenson, Tyler,663886,2023,26,45,14,0,7.8,.311,.392,.748,7,12,5,88.9,12,36.4,3,
Lowe, Nathaniel,663993,2023,27,50,13,2,5.7,.260,.302,.782,10,12,6,87.3,1.1,24.4,4.9,
Happ, Ian,664023,2023,28,39,11,1,20.4,.282,.429,.890,6,11,7,87.7,9.2,44.4,7.4,
France, Ty,664034,2023,28,56,20,1,8.1,.357,.419,.937,9,13,13,86.5,14.5,34,4,
Lowe, Brandon,664040,2023,28,33,11,5,19.5,.333,.463,1.282,12,11,12,92.4,14.6,52.2,34.8,
Straw, Myles,664702,2023,28,39,12,0,18.0,.308,.440,.799,4,12,7,85.6,3.4,26.7,0,
Bohm, Alec,664761,2023,26,49,16,3,5.7,.327,.377,.928,11,13,7,88.8,6.1,32.5,12.5,
Wade Jr., LaMonte,664774,2023,29,28,7,1,24.4,.250,.488,.881,2,11,3,87.9,12.4,45,15,
McCarthy, Jake,664983,2023,25,41,8,0,4.4,.195,.267,.535,2,12,5,84.8,15.4,41.2,2.9,
Pena, Jeremy,665161,2023,25,56,12,2,4.9,.214,.279,.672,7,13,9,86.1,4.9,38.5,5.1,
Guerrero Jr., Vladimir,665489,2023,24,51,21,2,11.5,.412,.492,1.041,7,13,11,93.9,11.5,32.7,14.3,
Soto, Juan,665742,2023,24,50,10,3,18.0,.200,.344,.784,7,14,8,90.3,6.2,27,16.2,
Cabrera, Oswaldo,665828,2023,24,38,10,0,2.5,.263,.275,.591,5,11,4,88.4,17.2,23.1,3.8,
Cruz, Oneil,665833,2023,24,32,8,1,17.5,.250,.375,.750,4,9,7,89.5,10.5,20,4,
Chisholm Jr., Jazz,665862,2023,25,48,11,2,7.7,.229,.288,.705,4,13,5,88.1,3.2,28.6,7.1,
Ruiz, Esteury,665923,2023,24,41,12,0,6.3,.293,.375,.765,6,13,6,84.1,13.2,35.3,5.9,
Gimenez, Andres,665926,2023,24,52,16,1,7.0,.308,.368,.830,5,13,14,85.5,12.8,33.3,2.6,
Bichette, Bo,666182,2023,25,59,20,4,3.2,.339,.371,.947,9,13,10,93,6.6,51.9,13.5,
Garcia, Adolis,666969,2023,30,47,10,2,5.9,.213,.255,.617,11,12,8,93.7,19.1,33.3,11.1,
Gurriel Jr., Lourdes,666971,2023,29,44,11,1,2.1,.250,.277,.686,8,11,5,87.7,10.2,41.7,5.6,
Arozarena, Randy,668227,2023,28,51,16,3,6.9,.314,.379,.928,16,13,11,93.9,9.2,37.2,16.3,
Steer, Spencer,668715,2023,25,40,13,2,13.0,.325,.413,.988,6,12,6,89.7,12,24.2,9.1,
Reynolds, Bryan,668804,2023,28,50,17,5,3.7,.340,.352,1.072,14,13,10,91,19,42.6,25.5,
Turang, Brice,668930,2023,23,37,10,1,9.8,.270,.341,.720,5,13,6,87.2,6.9,34.5,3.4,
Rutschman, Adley,668939,2023,25,51,19,4,15.0,.373,.467,1.094,9,13,9,88.3,18.6,47.6,11.9,
Mitchell, Garrett,669003,2023,24,43,12,3,6.5,.279,.326,.884,6,12,7,89,4.6,33.3,11.1,
Melendez Jr., MJ,669004,2023,24,42,8,1,12.5,.190,.292,.625,6,11,5,97.7,17.1,52.2,26.1,
Langeliers, Shea,669127,2023,25,39,8,2,7.1,.205,.262,.621,4,11,5,86.7,29.9,27.6,6.9,
Murphy, Sean,669221,2023,28,32,7,1,23.8,.219,.405,.842,6,10,4,92.2,10.3,26.1,13,
Edman, Tommy,669242,2023,28,42,11,1,10.4,.262,.333,.690,1,12,5,89,14.7,25,2.8,
Smith, Will,669257,2023,28,39,13,3,14.6,.333,.417,1.058,12,11,9,90,13.7,40.5,8.1,
Miranda, Jose,669304,2023,25,52,11,0,8.8,.212,.281,.511,5,13,3,88,8.9,37.2,4.7,
Gorman, Nolan,669357,2023,23,35,10,4,18.6,.286,.419,1.104,10,11,5,91.7,16.8,44,16,
Hays, Austin,669720,2023,27,47,16,3,6.0,.340,.380,1.018,6,13,12,91.4,12.1,40,22.9,
Call, Alex,669743,2023,28,38,9,1,18.4,.237,.367,.709,7,11,7,84.2,14.3,24.2,6.1,
Alvarez, Yordan,670541,2023,26,40,12,3,14.0,.300,.420,.995,16,11,8,92.1,18.7,43.3,16.7,
Paredes, Isaac,670623,2023,24,39,12,3,6.8,.308,.386,.925,10,12,8,86.6,23.4,27.6,6.9,
Friedl Jr., TJ,670770,2023,27,40,14,2,8.7,.350,.391,.991,3,12,7,86.1,12.8,38.7,6.5,
Casas, Triston,671213,2023,23,38,5,2,7.1,.132,.190,.533,7,13,3,89.9,13.1,33.3,7.4,
Kelenic, Jarred,672284,2023,23,37,13,3,9.8,.351,.415,1.117,5,11,5,94.4,11.5,38.5,23.1,
Robert Jr., Luis,673357,2023,25,53,18,5,0.0,.340,.333,1.031,11,12,9,89.2,16.9,45,17.5,
Kim, Ha-Seong,673490,2023,27,42,11,2,8.5,.262,.319,.819,4,12,4,85.7,15.4,37.5,9.4,
Jung, Josh,673962,2023,25,42,12,2,8.7,.286,.348,.824,5,11,7,87.5,19.6,53.1,9.4,
McCormick, Chas,676801,2023,28,40,11,2,10.6,.275,.362,.862,9,10,7,85.8,16.1,31,3.4,
Franco, Wander,677551,2023,22,53,17,4,5.3,.321,.368,1.048,12,13,10,90.2,19.8,34.1,15.9,
Rodriguez, Julio,677594,2023,22,59,15,2,6.3,.254,.313,.736,4,13,11,89,6.7,45.2,11.9,
Witt Jr., Bobby,677951,2023,23,48,11,2,7.7,.229,.288,.684,6,13,6,90.6,20.9,20.5,7.7,
Bae, Ji Hwan,678225,2023,23,39,9,2,7.1,.231,.286,.722,6,11,7,87.6,14.1,35.7,7.1,
Vargas, Miguel,678246,2023,23,25,5,0,31.7,.200,.463,.783,3,11,5,91.5,5.6,42.1,10.5,
Tovar, Ezequiel,678662,2023,21,43,9,0,2.3,.209,.227,.530,3,12,6,85.7,7.6,34.4,3.1,
Torkelson, Spencer,679529,2023,23,47,11,1,2.0,.234,.245,.607,6,12,6,91.9,11.5,24.3,8.1,
Kwan, Steven,680757,2023,25,53,15,0,14.1,.283,.375,.733,8,13,7,84.9,15.2,45.8,0,
Donovan, Brendan,680977,2023,26,47,11,2,7.7,.234,.288,.671,5,12,9,87.9,8.2,30.6,8.3,
Stott, Bryson,681082,2023,25,55,22,0,1.8,.400,.411,.883,4,13,3,87.4,6,34.1,2.4,
Outman, James,681546,2023,26,38,11,3,18.8,.289,.438,1.122,10,13,8,91.7,5.6,45.8,25,
Villar, David,681584,2023,26,38,8,3,11.1,.211,.333,.807,7,12,7,90.6,21.1,40,20,
Abrams, CJ,682928,2023,22,42,9,0,6.4,.214,.277,.634,5,12,3,86.8,17,42.4,0,
Greene, Riley,682985,2023,22,48,11,1,5.9,.229,.275,.608,3,12,7,87.1,7,32.3,9.7,
Carroll, Corbin,682998,2023,22,47,12,3,0.0,.255,.271,.739,6,13,7,90.7,13.5,40,8.6,
Henderson, Gunnar,683002,2023,22,37,6,1,20.8,.162,.354,.651,2,11,7,93.1,8,31.6,10.5,
Volpe, Anthony,683011,2023,22,38,6,0,11.6,.158,.256,.493,0,13,3,85,24.7,33.3,8.3,
Vaughn, Andrew,683734,2023,25,43,12,0,15.1,.279,.415,.834,9,12,5,88.3,7.1,42.4,6.1,
Pasquantino, Vinnie,686469,2023,25,41,12,2,16.0,.293,.400,.961,4,13,6,93.3,14.6,42.4,3,
Wiemer Jr., Joey,686894,2023,24,37,8,1,14.0,.216,.326,.677,4,12,4,82.7,-2.7,30.8,3.8,
Walker, Jordan,691023,2023,21,51,15,2,1.9,.294,.333,.784,8,13,4,89.7,5.1,26.3,5.3,
Colas, Oscar,693049,2023,24,40,11,1,4.5,.275,.318,.693,4,12,5,84.8,8.3,19.4,9.7,
Yoshida, Masataka,807799,2023,29,37,8,1,15.6,.216,.356,.680,6,10,8,85.4,-7.9,17.6,2.9,
Cabrera, Miguel,408234,2020,37,204,51,10,10.4,.250,.329,.746,35,57,28,93.2,12.1,36.8,9.7,
Cruz Jr., Nelson,443558,2020,39,185,56,16,11.7,.303,.397,.992,33,53,33,91.6,9.4,39.4,15,
Peralta, David,444482,2020,32,203,61,5,6.0,.300,.339,.773,34,54,19,89.2,6.4,29.4,5,
Longoria, Evan,446334,2020,34,193,49,7,5.3,.254,.297,.722,28,53,26,91.7,10.7,29.9,11.5,
Cabrera, Asdrubal,452678,2020,34,190,46,8,8.9,.242,.305,.753,31,52,23,89.5,13.7,30.5,6.5,
Blackmon, Charlie,453568,2020,33,221,67,6,7.7,.303,.356,.804,42,59,31,86.9,13.5,38.5,4.9,
Solano, Donovan,456781,2020,32,190,62,3,4.9,.326,.365,.828,29,54,22,88.5,15.5,43.4,4.6,
McCutchen, Andrew,457705,2020,33,217,55,10,9.1,.253,.324,.757,34,57,32,89.7,18.2,36.5,8.2,
Votto, Joey,458015,2020,36,186,42,11,16.6,.226,.354,.800,22,54,32,87.4,15.4,36.4,9.1,
Santana, Carlos,467793,2020,34,206,41,8,18.4,.199,.349,.699,30,60,34,88,12.2,32.3,6.7,
Brantley Jr., Michael,488726,2020,33,170,51,5,9.1,.300,.364,.840,22,46,24,88.7,10.2,34.5,4.9,
Gurriel, Yuli,493329,2020,36,211,49,6,5.2,.232,.274,.658,22,57,27,89.3,13.9,34.4,3.7,
Escobar, Eduardo,500871,2020,31,203,43,4,6.8,.212,.270,.605,20,54,22,88.6,18.1,34.8,5.5,
Martinez, J.D.,502110,2020,32,211,45,7,9.3,.213,.291,.680,27,54,22,89.5,14.7,39.6,11,
Reddick, Josh,502210,2020,33,188,46,4,9.5,.245,.314,.692,23,56,22,85.9,19.1,34.7,4.8,
Goldschmidt, Paul,502671,2020,32,191,58,6,16.0,.304,.416,.882,21,58,31,89.2,11.7,42.3,10.7,
Gonzalez, Marwin,503556,2020,31,175,37,5,8.5,.211,.286,.606,22,53,15,89.2,12.6,31.9,5.1,
Altuve, Jose,514888,2020,30,192,42,5,8.1,.219,.286,.629,18,48,32,86.7,9.3,24.8,4.6,
Hernandez, Cesar,514917,2020,30,233,66,3,9.2,.283,.352,.760,20,58,35,89.1,5.6,37.3,4,
Segura, Jean,516416,2020,30,192,51,7,10.6,.266,.346,.767,25,54,28,87.7,11.2,31.8,6.1,
Marte, Starling,516782,2020,31,228,64,6,4.8,.281,.340,.770,27,61,36,87.1,6.5,30.3,6.4,
Freeman, Freddie,518692,2020,30,214,73,13,17.2,.341,.462,1.102,53,60,51,92.4,17.2,49.2,14.7,
Grandal, Yasmani,518735,2020,31,161,37,8,15.5,.230,.351,.773,27,46,27,90.3,15.6,38.1,7.6,
LeMahieu, DJ,518934,2020,31,195,71,10,8.3,.364,.421,1.011,27,50,41,91.3,2.3,29.7,2.9,
Rizzo, Anthony,519203,2020,30,203,45,11,11.5,.222,.342,.755,24,58,26,87.7,16.7,34.7,7.8,
Flores, Wilmer,527038,2020,28,198,53,12,6.1,.268,.315,.830,32,55,30,87.9,19,37.4,6.1,
Garcia, Avisail,541645,2020,29,181,43,2,9.7,.238,.333,.659,15,53,20,87.4,8.7,37.1,3.8,
Ozuna, Marcell,542303,2020,29,228,77,18,14.2,.338,.431,1.067,56,60,38,93,16.4,39.1,15.4,
Villar, Jonathan,542340,2020,29,185,43,2,9.2,.232,.300,.591,15,52,13,86.7,1.6,18.7,1.5,
Aguilar, Jesus,542583,2020,30,188,52,8,10.6,.277,.352,.809,34,51,31,89.3,16,37.5,7.2,
Crawford, Brandon,543063,2020,33,172,44,8,7.8,.256,.326,.792,28,54,26,88.7,12.4,35.4,9.4,
Grossman, Robbie,543257,2020,30,166,40,8,10.9,.241,.344,.826,23,51,23,89,15.2,33.6,5.5,
Hicks, Aaron,543305,2020,30,169,38,6,19.4,.225,.379,.793,21,54,28,88.2,11.1,29.8,6.9,
Rendon, Anthony,543685,2020,30,189,54,9,16.4,.286,.418,.915,31,52,29,90.1,19.5,39.2,6.3,
Semien, Marcus,543760,2020,29,211,47,7,10.6,.223,.305,.679,23,53,28,86.2,19.3,32.9,5,
Springer III, George,543807,2020,30,189,50,14,10.8,.265,.356,.896,32,51,37,88.7,18.3,35.3,12.4,
Vazquez, Christian,543877,2020,29,173,49,7,8.5,.283,.344,.801,23,47,22,88.4,14.4,33.1,4.6,
Wong, Kolten,543939,2020,29,181,48,1,9.6,.265,.346,.672,16,53,26,86.5,10.8,31.2,0.6,
Gregorius, Didi,544369,2020,30,215,61,10,6.3,.284,.338,.826,40,60,34,83.8,17.8,35.3,4.2,
Grichuk, Randal,545341,2020,28,216,59,12,5.6,.273,.312,.793,35,55,38,88.9,12.6,27.2,11.2,
Trout, Mike,545361,2020,28,199,56,17,14.5,.281,.390,.993,46,53,41,93.7,23.1,36.1,15,
Ruiz, Rio,547004,2020,26,185,41,9,8.3,.222,.284,.711,32,54,25,87.9,10.5,27.7,8.5,
Harper, Bryce,547180,2020,27,190,51,13,20.1,.268,.418,.960,33,58,41,92.5,16,33.3,17.3,
Abreu, Jose,547989,2020,33,240,76,19,6.9,.317,.370,.987,60,60,43,92.9,10.9,37.4,14.3,
Suarez, Eugenio,553993,2020,28,198,40,15,13.0,.202,.312,.781,38,57,29,89.1,17.9,29.5,14.4,
Gonzalez, Erik,570481,2020,28,181,41,3,4.1,.227,.254,.613,20,50,14,88.5,5.5,33.6,6.7,
Arenado, Nolan,571448,2020,29,182,46,8,7.5,.253,.303,.738,26,48,23,87.8,19.1,27.1,5.4,
Muncy, Max,571970,2020,29,203,39,12,15.7,.192,.331,.720,27,58,36,88.5,14.2,29,12.4,
Myers, Wil,571976,2020,29,198,57,15,8.3,.288,.353,.959,40,55,34,91,13.4,40.8,14.8,
Pollock, AJ,572041,2020,32,196,54,16,5.7,.276,.314,.881,34,55,30,89.6,13,37.9,10.5,
Seager, Kyle,572122,2020,32,203,49,9,12.9,.241,.355,.788,40,60,35,89.1,17.7,30.7,10.2,
Voit III, Luke,572228,2020,29,213,59,22,7.3,.277,.338,.948,52,56,41,88.9,15.2,37.5,13.1,
Walker, Christian,572233,2020,29,218,59,7,7.8,.271,.333,.792,34,57,35,90.4,11.5,34.5,6.4,
Dickerson, Corey,572816,2020,31,194,50,7,7.1,.258,.310,.712,17,52,25,85.7,11.1,25.8,5.7,
Yastrzemski, Mike,573262,2020,29,192,57,10,13.3,.297,.400,.968,35,54,39,88.2,18.4,35,10.9,
Contreras, Willson,575929,2020,28,189,46,7,8.9,.243,.356,.763,26,57,37,89.8,9.1,35.8,10.4,
Canha, Mark,592192,2020,31,191,47,5,15.2,.246,.387,.795,33,59,32,89.7,19.4,37.3,7.7,
Castellanos, Nick,592206,2020,28,218,49,14,7.9,.225,.298,.784,34,60,37,91,16.5,39.3,16,
Machado, Manny,592518,2020,27,224,68,16,10.2,.304,.370,.950,47,60,44,90.2,15.6,34.6,11,
Moran, Colin,592567,2020,27,178,44,10,9.5,.247,.325,.797,23,52,28,91.9,8.3,32.3,13.4,
Realmuto, J.T.,592663,2020,29,173,46,11,8.2,.266,.349,.840,32,47,33,90.2,11.6,32.8,13.6,
Rosario, Eddie,592696,2020,28,210,54,13,8.2,.257,.316,.792,42,57,31,87.5,18.1,30.3,6.2,
Yelich, Christian,592885,2020,28,200,41,12,18.6,.205,.356,.786,22,58,39,94,7.1,32.3,12.1,
Merrifield, Whit,593160,2020,31,248,70,9,4.5,.282,.325,.764,30,60,38,86.1,15.8,39.8,5.1,
Bogaerts, Xander,593428,2020,27,203,61,11,9.3,.300,.364,.867,28,56,36,89,8.7,31.3,8.6,
Alberto, Hanser,593643,2020,27,219,62,3,2.2,.283,.303,.696,22,54,35,82.3,13.2,32.6,1,
Polanco, Jorge,593871,2020,26,209,54,4,5.8,.258,.301,.655,19,55,22,86.6,16.1,39,2.8,
Sano, Miguel,593934,2020,27,186,38,13,8.8,.204,.278,.757,25,53,31,95.2,20.2,31.3,22.9,
Calhoun, Kole,594777,2020,32,190,43,16,12.3,.226,.338,.864,40,54,35,89.4,17,36.1,11.8,
Duvall, Adam,594807,2020,31,190,45,16,7.2,.237,.301,.833,33,57,34,88.1,22.9,30.7,13.9,
Profar, Jurickson,595777,2020,27,180,50,7,7.4,.278,.342,.769,25,56,28,87.2,11,35.5,3.2,
Baez, Javier,595879,2020,27,222,45,8,3.0,.203,.238,.599,24,59,27,89.4,10.3,24.8,8.1,
Lindor, Francisco,596019,2020,26,236,61,8,9.0,.258,.335,.750,27,60,30,89.9,13.5,36.5,5.6,
Story, Trevor,596115,2020,27,235,68,11,9.3,.289,.355,.874,28,59,41,89.9,20.8,40.1,8.7,
Kepler, Max,596146,2020,27,171,39,9,11.2,.228,.321,.760,23,48,27,88.5,22.2,30.9,5.1,
Franco, Maikel,596748,2020,27,223,62,8,6.6,.278,.321,.778,38,60,23,86.7,8.4,33.3,5.8,
Bradley Jr., Jackie,598265,2020,30,191,54,7,10.6,.283,.364,.814,22,55,32,88.4,4.3,28.5,7.6,
La Stella, Tommy,600303,2020,31,196,55,5,11.8,.281,.368,.817,25,55,31,88,17.1,32.1,4.8,
Nunez, Renato,600524,2020,26,195,50,12,7.9,.256,.324,.816,31,52,29,86.3,21.1,37.9,12.1,
Candelario, Jeimer,600869,2020,26,185,55,7,9.7,.297,.369,.872,29,52,30,90.2,13.3,37.5,10.3,
Ahmed, Nick,605113,2020,30,199,53,5,8.3,.266,.327,.729,29,57,29,87.7,9.4,30.1,5.2,
Anderson, Brian,605119,2020,27,200,51,11,9.6,.255,.345,.810,38,59,27,87.4,9.6,34.8,9.6,
Bell, Josh,605137,2020,27,195,44,8,9.9,.226,.305,.669,22,57,22,91.7,5.9,24.3,8.6,
Betts, Mookie,605141,2020,27,219,64,16,9.8,.292,.366,.927,39,55,47,90.7,18.5,40.1,7.7,
Davis, J.D.,605204,2020,27,190,47,6,13.5,.247,.371,.761,19,56,26,90.1,3.3,29.6,8.9,
Arcia, Orlando,606115,2020,25,173,45,5,7.4,.260,.317,.734,20,59,22,89,9.6,37.3,5.6,
Tapia, Raimel,606132,2020,26,184,59,1,6.8,.321,.364,.766,17,51,26,85.3,1.8,28.7,2,
Hernandez, Teoscar,606192,2020,27,190,55,16,6.8,.289,.338,.917,34,50,33,93.3,15.3,40.6,18,
Marte, Ketel,606466,2020,26,181,52,2,3.6,.287,.323,.732,17,45,19,89.2,10,28.8,3.7,
Nimmo, Brandon,607043,2020,27,186,52,8,14.7,.280,.404,.888,18,55,33,87.2,7.6,30.8,7.7,
Turner, Trea,607208,2020,27,233,78,12,8.5,.335,.394,.982,41,59,46,90.5,9.5,34.2,9.5,
Pillar, Kevin,607680,2020,31,208,60,6,5.8,.288,.336,.798,26,54,34,87.1,13.4,34.7,5.4,
Ramirez, Jose,608070,2020,27,219,64,17,12.2,.292,.386,.993,46,58,45,88.7,23.2,36.7,10.2,
Gallo, Joey,608336,2020,26,193,35,10,12.8,.181,.301,.679,26,57,23,91.2,26.8,28.9,14,
Seager, Corey,608369,2020,26,212,65,15,7.3,.307,.358,.943,41,52,38,93.2,11.9,38.4,15.8,
Mondesi, Adalberto,609275,2020,24,219,56,6,4.7,.256,.292,.707,22,59,33,90.6,13.7,19.9,7.3,
Reyes, Franmil,614177,2020,24,211,58,9,10.0,.275,.344,.795,34,59,27,92.4,11.2,31.3,12.9,
Swanson, Dansby,621020,2020,26,237,65,10,8.3,.274,.345,.809,35,60,49,89.1,14.7,40.7,11.4,
Taylor, Chris,621035,2020,29,185,50,8,12.1,.270,.364,.840,32,56,30,88,9.1,35.1,11.5,
Correa, Carlos,621043,2020,25,201,53,5,7.2,.264,.326,.709,25,58,22,88.8,11.3,26.1,5.9,
Olson, Matt,621566,2020,26,210,41,14,13.9,.195,.310,.734,42,60,28,92.3,19.6,30.1,12.8,
Reyes, Victor,622682,2020,25,202,56,4,4.2,.277,.315,.706,14,57,30,90,10.7,39.5,3.8,
Alonso, Pete,624413,2020,25,208,48,16,10.0,.231,.326,.817,35,57,31,90.2,15.5,30.4,12.8,
Biggio, Cavan,624415,2020,25,220,55,8,15.5,.250,.374,.805,28,59,41,87.4,16.7,31.4,5,
Conforto, Michael,624424,2020,27,202,65,9,10.3,.322,.412,.927,31,54,40,88.4,11,38.6,11,
Frazier, Adam,624428,2020,28,209,48,7,7.4,.230,.296,.659,23,58,22,85.5,12.3,34.9,4,
Cronenworth, Jake,630105,2020,26,172,49,4,9.4,.285,.354,.831,20,54,26,89.8,10.6,37.8,10.5,
Anderson, Tim,641313,2020,27,208,67,10,4.5,.322,.357,.886,21,49,45,87.2,6.7,33.3,10.1,
Bellinger, Cody,641355,2020,24,213,51,12,12.3,.239,.333,.789,30,56,33,89.3,16.6,29.2,9.4,
Crawford, J.P.,641487,2020,25,204,52,2,9.9,.255,.336,.674,24,53,33,85.8,11.5,34.1,1.8,
Dozier, Hunter,641531,2020,28,158,36,6,14.5,.228,.344,.736,12,44,29,86.4,17,26.4,8.2,
Lewis, Kyle,641786,2020,24,206,54,11,14.0,.262,.364,.801,28,58,37,88.3,11.1,37.2,11.7,
McMahon, Ryan,641857,2020,25,172,37,9,9.3,.215,.295,.714,26,52,23,90.1,9.2,27.1,11.2,
Smith, Dominic,642086,2020,25,177,56,10,7.0,.316,.377,.993,42,50,27,89.8,10.8,43,13.3,
Adames, Willy,642715,2020,24,185,48,8,9.8,.259,.332,.813,23,54,29,88.8,12.5,36.9,9.9,
Kiner-Falefa, Isiah,643396,2020,25,211,59,3,6.1,.280,.329,.699,10,58,28,87.2,0.8,22.2,2.2,
McNeil, Jeff,643446,2020,28,183,57,4,9.6,.311,.383,.836,23,52,19,86.6,11.5,37,2.5,
Robles, Victor,645302,2020,23,168,37,3,4.8,.220,.291,.606,15,52,20,82.2,19,37.3,1.7,
Devers, Rafael,646240,2020,23,232,61,11,5.2,.263,.310,.793,43,57,32,93,10.6,33.3,12.1,
Jimenez, Eloy,650391,2020,23,213,63,14,5.3,.296,.332,.891,41,55,26,92.4,5.7,32.9,16.5,
Schwarber, Kyle,656941,2020,27,191,36,11,13.4,.188,.308,.701,24,59,30,92.8,8.8,28.8,11.2,
Verdugo, Alex,657077,2020,24,201,62,6,7.7,.308,.367,.844,15,53,36,87,5.9,31.2,6.4,
White, Evan,657108,2020,24,182,32,8,8.9,.176,.252,.599,26,54,19,91.7,13.7,27.3,14.1,
Laureano, Ramon,657656,2020,25,183,39,6,10.8,.213,.338,.704,25,54,27,87.7,12.3,34.4,9.4,
Moncada, Yoan,660162,2020,25,200,45,6,12.1,.225,.320,.705,24,52,28,87.8,13.9,33.8,6.2,
Acuna Jr., Ronald,660670,2020,22,160,40,14,18.8,.250,.406,.987,29,46,46,92.4,18.6,34,16,
Riley, Austin,663586,2020,23,188,45,8,7.8,.239,.301,.716,27,51,24,91,13.6,30.7,10,
Tucker, Kyle,663656,2020,23,209,56,9,7.9,.268,.325,.837,42,58,33,91.1,14.9,34.1,9.1,
Grisham, Trent,663757,2020,23,215,54,10,12.3,.251,.349,.805,26,59,42,88.3,13.5,37.9,11.1,
Happ, Ian,664023,2020,25,198,51,12,13.0,.258,.359,.864,28,57,27,91.1,9,37.5,10.3,
Lowe, Brandon,664040,2020,25,193,52,14,11.2,.269,.362,.916,37,56,36,89.8,18.1,37.2,17.5,
Fletcher, David,664058,2020,26,207,66,3,8.7,.319,.374,.799,18,49,31,84.7,4.1,30.8,0.5,
Tatis Jr., Fernando,665487,2020,21,224,62,17,10.5,.277,.366,.937,45,59,50,95.9,8.7,32.3,19.5,
Guerrero Jr., Vladimir,665489,2020,21,221,58,9,8.2,.262,.329,.791,33,60,34,92.5,4.6,29.5,8.7,
Soto, Juan,665742,2020,21,154,54,13,20.9,.351,.490,1.185,37,47,39,92.1,4.3,33.3,18.3,
Gurriel Jr., Lourdes,666971,2020,26,208,64,11,6.3,.308,.348,.882,33,57,28,90.8,10.5,39.5,11.7,
Reynolds, Bryan,668804,2020,25,185,35,7,10.1,.189,.274,.631,19,55,24,87.5,10.2,35.2,10.2,
Edman, Tommy,669242,2020,25,204,51,5,7.0,.250,.317,.685,26,55,29,86.5,8.2,31,3.8,
Solak, Nick,669256,2020,25,209,56,2,7.7,.268,.326,.671,23,58,27,89.9,9.4,27.5,4.7,
Hiura, Keston,669374,2020,23,217,46,13,6.5,.212,.297,.707,32,59,30,87.4,14.3,34.3,14.2,
Lopez, Nicky,670032,2020,25,169,34,1,9.4,.201,.281,.548,13,56,15,84.9,1.4,30.5,1.5,
Robert Jr., Luis,673357,2020,22,202,47,11,8.8,.233,.300,.735,31,56,33,87.9,16.7,36.6,13,
Cruz Jr., Nelson,443558,2022,41,448,105,10,9.7,.234,.312,.649,64,124,50,90.9,7.2,28,9.3,
Blackmon, Charlie,453568,2022,35,530,140,16,5.5,.264,.312,.731,78,135,60,86.2,12.4,36.7,4.4,
McCutchen, Andrew,457705,2022,35,515,122,17,9.8,.237,.316,.700,69,134,66,89.1,13.2,36.2,8.6,
Turner, Justin,457759,2022,37,468,130,13,9.4,.278,.350,.788,81,128,61,89.5,18.4,40.6,8,
Andrus, Elvis,462101,2022,33,535,133,17,6.8,.249,.303,.707,58,149,66,87.9,11.9,29.1,4.5,
Santana, Carlos,467793,2022,36,431,87,19,14.0,.202,.316,.692,60,131,52,90.7,15.4,31.6,9.3,
Gurriel, Yuli,493329,2022,38,545,132,8,5.1,.242,.288,.647,53,146,53,88.2,14.6,30.3,1.9,
Rojas, Miguel,500743,2022,33,471,111,6,5.1,.236,.282,.605,36,140,34,86.1,10.1,33.1,1.9,
Escobar, Eduardo,500871,2022,33,495,119,20,7.4,.240,.295,.726,69,136,58,88.3,20.6,38.7,9.4,
Pham, Tommy,502054,2022,34,554,131,17,9.0,.236,.312,.686,63,144,89,92.2,7.7,33.2,7.9,
Martinez, J.D.,502110,2022,34,533,146,16,8.7,.274,.341,.789,62,139,76,89.1,14.1,42,12.5,
Goldschmidt, Paul,502671,2022,34,561,178,35,12.1,.317,.402,.980,115,151,106,90.8,15.7,31.8,11.6,
Altuve, Jose,514888,2022,32,527,158,28,10.9,.300,.387,.921,57,141,103,85.9,16.1,35.4,7.7,
Hernandez, Cesar,514917,2022,32,560,139,1,7.3,.248,.310,.627,34,147,64,84.8,9.3,33.3,2.4,
Marte, Starling,516782,2022,33,466,136,16,5.1,.292,.347,.814,63,118,76,86.8,7.5,38.5,6.8,
Donaldson, Josh,518626,2022,36,478,106,15,9.9,.222,.308,.682,62,132,59,90.7,12,34.8,9.8,
Freeman, Freddie,518692,2022,32,612,199,21,11.9,.325,.407,.918,100,159,117,91.3,13.6,42.9,9.9,
LeMahieu, DJ,518934,2022,33,467,122,12,12.4,.261,.357,.734,46,125,74,89.2,3,32.8,5.3,
Rizzo, Anthony,519203,2022,32,465,104,32,10.6,.224,.338,.817,75,130,77,89.4,19.3,34.2,10.9,
Flores, Wilmer,527038,2022,30,525,120,19,9.8,.229,.316,.710,71,151,72,87.8,20.7,35.7,6.3,
Ozuna, Marcell,542303,2022,31,470,106,23,6.1,.226,.274,.687,56,124,56,89.4,16.5,31.8,13.1,
Aguilar, Jesus,542583,2022,32,464,109,16,5.5,.235,.278,.657,51,129,39,87.7,19.1,39.7,6.9,
Cron, C.J.,543068,2022,32,575,148,29,6.8,.257,.315,.783,102,150,79,88.7,14.2,36.8,10.8,
Semien, Marcus,543760,2022,31,657,163,26,7.3,.248,.304,.733,83,161,101,87.3,19.9,32.4,6.8,
Springer III, George,543807,2022,32,513,137,25,9.3,.267,.340,.811,76,133,89,88.7,13.9,31.8,8.4,
Grichuk, Randal,545341,2022,30,506,131,19,4.5,.259,.299,.724,73,140,60,90,8.7,27.3,6.8,
Abreu, Jose,547989,2022,35,601,183,15,9.1,.304,.378,.824,75,157,85,92.2,8,34.5,9.5,
Suarez, Eugenio,553993,2022,30,543,128,31,11.6,.236,.332,.791,87,150,76,89.8,19.9,36.4,14.8,
Urshela, Gio,570482,2022,30,501,143,13,7.4,.285,.338,.767,64,144,61,88.9,11.8,38.6,7,
Schoop, Jonathan,570731,2022,30,481,97,11,3.7,.202,.239,.561,38,131,48,87,9.7,29.1,4.8,
Arenado, Nolan,571448,2022,31,557,163,30,8.4,.293,.358,.891,103,148,73,88.7,21.7,35.4,8.2,
Farmer, Kyle,571657,2022,31,526,134,14,5.7,.255,.314,.700,78,145,58,85.5,12.7,37.7,4.4,
Muncy, Max,571970,2022,31,464,91,21,15.9,.196,.329,.713,69,136,69,90.3,20.9,34.3,13.4,
Pollock, AJ,572041,2022,34,489,120,14,6.1,.245,.292,.681,56,138,61,88.8,11.6,32.9,9.4,
Voit III, Luke,572228,2022,31,500,113,22,9.7,.226,.308,.710,69,135,55,89.8,18.4,34.6,14.7,
Walker, Christian,572233,2022,31,583,141,36,10.3,.242,.327,.804,94,160,84,90,17,33.3,11.5,
Yastrzemski, Mike,573262,2022,31,485,104,17,10.9,.214,.305,.696,57,148,73,89.9,19.9,36.2,11.1,
Canha, Mark,592192,2022,33,462,123,13,8.9,.266,.367,.770,61,140,71,87.7,10.9,32.2,4.9,
Castellanos, Nick,592206,2022,30,524,138,13,5.2,.263,.305,.694,62,136,56,87.5,14.6,36.9,6.6,
Drury, Brandon,592273,2022,29,518,136,28,6.7,.263,.320,.813,87,138,87,89.1,13.8,34.8,10.4,
Judge, Aaron,592450,2022,30,570,177,62,15.9,.311,.422,1.108,131,157,133,95.9,15,39,26.5,
Machado, Manny,592518,2022,29,578,172,32,9.8,.298,.366,.898,102,150,100,91.5,16,36.7,9.8,
Realmuto, J.T.,592663,2022,31,504,139,22,7.3,.276,.342,.820,84,139,75,90.3,13.1,35.6,11.3,
Renfroe, Hunter,592669,2022,30,474,121,29,7.5,.255,.314,.806,72,125,62,90.5,17.7,32.7,10.9,
Yelich, Christian,592885,2022,30,575,145,14,13.1,.252,.355,.737,57,154,99,91.5,3.6,30.3,8.2,
Merrifield, Whit,593160,2022,33,504,126,11,6.9,.250,.298,.673,58,139,70,87.1,15.1,37.9,4.2,
Bogaerts, Xander,593428,2022,29,557,171,15,9.0,.307,.377,.833,73,150,84,88.1,10.2,30.3,6.5,
Profar, Jurickson,595777,2022,29,575,140,15,11.1,.243,.330,.721,58,152,82,87.5,12.9,34.7,4,
Baez, Javier,595879,2022,29,555,132,17,4.4,.238,.278,.671,67,144,64,87.9,9.6,29.7,8,
Lindor, Francisco,596019,2022,28,630,170,26,8.4,.270,.339,.788,107,161,98,89.3,13.8,29.2,8.3,
Bell, Josh,605137,2022,29,552,147,17,12.5,.266,.360,.782,71,156,78,88.9,8.4,30.7,7.2,
Betts, Mookie,605141,2022,29,572,154,35,8.6,.269,.340,.873,82,142,117,90.5,18.6,36.2,9.7,
Hernandez, Teoscar,606192,2022,29,499,133,25,6.4,.267,.316,.807,77,131,71,92.6,11.6,36.3,15,
Marte, Ketel,606466,2022,28,492,118,12,9.9,.240,.321,.727,52,137,68,90.1,13.5,31.6,6.1,
Nimmo, Brandon,607043,2022,29,580,159,16,10.5,.274,.366,.798,64,151,102,89.4,6.1,28.1,7,
Turner, Trea,607208,2022,29,652,194,21,6.4,.298,.342,.808,100,160,101,88.9,10.2,35.3,7.6,
Ramirez, Jose,608070,2022,29,601,168,29,10.1,.280,.355,.869,126,157,90,87.7,20.7,33.7,6.6,
Bregman, Alex,608324,2022,28,548,142,23,13.3,.259,.366,.820,93,155,93,88.9,19.5,36.2,7.3,
Seager, Corey,608369,2022,28,593,145,33,8.7,.245,.317,.772,83,151,91,91.1,13.6,38.4,10.5,
Winker, Jesse,608385,2022,28,456,100,14,15.4,.219,.344,.688,53,136,51,87.7,16.8,32,7.6,
Swanson, Dansby,621020,2022,28,640,177,25,7.0,.277,.329,.776,96,162,99,90.2,15.7,37,10.8,
Correa, Carlos,621043,2022,27,522,152,22,10.3,.291,.366,.834,64,136,70,89.9,11.6,35.3,11.4,
Ward, Taylor,621493,2022,28,495,139,23,10.6,.281,.360,.833,65,135,73,90,15.8,41.8,12.4,
Wisdom, Patrick,621550,2022,30,469,97,25,9.9,.207,.298,.724,66,134,67,90.7,21,29.8,14.2,
Olson, Matt,621566,2022,28,616,148,34,10.7,.240,.325,.802,103,162,86,92.9,16.1,33.8,13.6,
Mateo, Jorge,622761,2022,27,494,109,13,5.1,.221,.265,.643,50,150,63,86.8,14.8,35.5,6,
Santander, Anthony,623993,2022,27,574,138,33,8.5,.240,.318,.773,89,152,78,90.1,21.4,33.5,11.6,
Alonso, Pete,624413,2022,27,597,162,40,9.8,.271,.352,.869,131,160,95,89.8,18.2,34.5,12.3,
Frazier, Adam,624428,2022,30,541,129,3,7.6,.238,.299,.610,42,156,61,85.1,13.6,37.7,1.5,
Cronenworth, Jake,630105,2022,28,587,140,17,10.2,.239,.330,.721,88,158,88,87.6,18.2,32.3,5.6,
Bellinger, Cody,641355,2022,26,504,106,19,6.9,.210,.265,.654,68,144,70,89.4,20.3,34.4,8.3,
Crawford, J.P.,641487,2022,27,518,126,6,11.3,.243,.338,.674,42,145,57,85.1,8.9,32.4,2,
Mancini III, Trey,641820,2022,30,519,124,18,9.0,.239,.319,.710,63,143,56,89.5,12.7,39.6,9.8,
McMahon, Ryan,641857,2022,27,529,130,20,10.1,.246,.327,.741,67,153,67,91.7,10.8,36.4,10.4,
Tellez, Rowdy,642133,2022,27,529,116,35,10.4,.219,.306,.767,89,153,67,91.1,15.3,31.4,12.9,
Rosario, Amed,642708,2022,26,637,180,11,3.7,.283,.312,.715,71,153,86,88.4,5,31.1,4.5,
Adames, Willy,642715,2022,26,563,134,31,7.9,.238,.298,.756,98,139,83,88.9,18.9,36.4,13,
Estrada, Thairo,642731,2022,26,488,127,14,6.1,.260,.322,.721,62,140,71,86.2,8.1,31.6,4.4,
Benintendi, Andrew,643217,2022,27,461,140,5,10.0,.304,.372,.771,51,126,54,89.2,12.6,39.2,5.1,
Kemp, Tony,643393,2022,30,497,117,7,8.1,.235,.305,.639,46,147,61,84.4,15,33.9,1.6,
Kiner-Falefa, Isiah,643396,2022,27,483,126,4,6.6,.261,.313,.640,48,142,66,86.2,4.3,29.6,1.2,
McNeil, Jeff,643446,2022,30,533,174,9,6.8,.326,.382,.836,62,148,73,86.9,12.8,39,2.7,
Devers, Rafael,646240,2022,25,555,164,27,8.1,.295,.358,.879,88,141,84,93.1,11.3,33.1,11.5,
Arraez, Luis,650333,2022,25,547,173,8,8.3,.316,.375,.795,49,144,88,88.9,12.9,38.7,3.6,
Torres, Gleyber,650402,2022,25,526,135,24,6.8,.257,.309,.760,76,140,73,90.4,17.5,36.2,10.7,
Diaz, Yandy,650490,2022,30,473,140,9,14.0,.296,.401,.824,57,137,71,92.2,7.7,30.7,4.8,
Rengifo, Luis,650859,2022,25,489,129,17,3.3,.264,.294,.723,52,127,45,86.9,9.9,31.1,5.4,
Chapman, Matt,656305,2022,29,538,123,27,11.0,.229,.324,.757,76,155,83,92.2,19,34,12.9,
Hoskins, Rhys,656555,2022,29,589,145,30,10.7,.246,.332,.794,79,156,81,90.1,18.1,37.3,11.1,
Mullins II, Cedric,656775,2022,27,608,157,16,7.0,.258,.317,.720,64,156,89,88.8,17.4,29.3,4.9,
Schwarber, Kyle,656941,2022,29,577,126,46,12.9,.218,.323,.827,94,155,100,93.3,19.2,35.4,20.1,
Thomas, Lane,657041,2022,26,498,120,17,7.5,.241,.301,.705,52,146,62,86.4,12.5,32.6,6.5,
Verdugo, Alex,657077,2022,26,593,166,11,6.5,.280,.328,.732,74,152,75,89.1,8.4,37.8,6,
Ohtani, Shohei,660271,2022,27,586,160,34,10.8,.273,.356,.875,95,157,90,92.9,12.1,35,16.8,
Acuna Jr., Ronald,660670,2022,24,467,124,15,9.9,.266,.351,.764,50,119,71,91.2,10.8,32.8,12.8,
Varsho, Daulton,662139,2022,25,531,125,27,7.8,.235,.301,.743,74,151,79,87.7,14.9,33.6,10.2,
Hoerner, Nico,663538,2022,25,481,135,10,5.4,.281,.327,.736,55,135,60,87.2,10.6,32.4,2.6,
Riley, Austin,663586,2022,25,615,168,38,8.2,.273,.349,.878,93,159,90,92.5,12.9,37.7,15.7,
Mountcastle, Ryan,663624,2022,25,555,139,22,7.1,.250,.305,.729,85,145,62,91.3,15.9,39.5,15,
Hayes, Ke'Bryan,663647,2022,25,505,123,7,8.6,.244,.314,.659,41,136,55,91,5.2,30.6,3.9,
Tucker, Kyle,663656,2022,25,544,140,30,9.7,.257,.328,.806,107,150,71,90,19,34.4,10.2,
Grisham, Trent,663757,2022,25,451,83,17,10.9,.184,.281,.622,53,152,58,88.3,15.1,25.5,8.1,
Rodgers, Brendan,663898,2022,25,527,140,13,7.9,.266,.325,.733,63,137,72,90,4.6,31.3,7.2,
Lowe, Nathaniel,663993,2022,26,593,179,27,7.4,.302,.358,.851,76,157,74,90.2,8.2,34.1,9.9,
Happ, Ian,664023,2022,27,573,155,17,9.0,.271,.342,.781,72,158,72,89.7,10.9,29.2,6.5,
France, Ty,664034,2022,27,551,151,20,5.7,.274,.338,.773,83,140,65,87.6,10.1,34.8,5.4,
Straw, Myles,664702,2022,27,535,118,0,9.1,.221,.290,.563,32,152,72,87,9.8,34.1,0.7,
Bohm, Alec,664761,2022,25,586,164,13,4.9,.280,.315,.713,72,152,79,90.2,10.4,37.7,6.8,
Brown, Seth,664913,2022,29,500,115,25,9.2,.230,.305,.749,73,150,55,89.2,15.8,34.9,13,
Pena, Jeremy,665161,2022,24,521,132,22,3.9,.253,.287,.713,63,136,72,88.1,8.7,32.9,9.7,
Guerrero Jr., Vladimir,665489,2022,23,638,175,32,8.2,.274,.339,.818,97,160,90,92.8,4.3,27.9,11.2,
Soto, Juan,665742,2022,23,524,127,27,20.3,.242,.401,.853,62,153,93,91,9.1,28.5,12.4,
Gimenez, Andres,665926,2022,23,491,146,17,6.1,.297,.368,.834,69,146,66,87.8,11.7,31.3,6.2,
Bichette, Bo,666182,2022,24,652,189,24,5.9,.290,.333,.802,93,159,91,91.9,8.5,33.3,9.6,
Garcia, Adolis,666969,2022,29,605,151,27,6.1,.250,.300,.756,101,156,88,92.1,13.2,36.9,12.9,
Arozarena, Randy,668227,2022,27,586,154,20,7.1,.263,.327,.773,89,153,72,89.9,8.8,28.2,7.9,
Reynolds, Bryan,668804,2022,27,542,142,27,9.1,.262,.345,.807,62,145,74,90.2,12,35.5,7.9,
Rojas, Josh,668942,2022,28,443,119,9,10.8,.269,.345,.736,56,125,66,88.8,11.9,33.5,4.5,
Melendez Jr., MJ,669004,2022,23,460,100,18,12.4,.217,.313,.706,62,129,57,90.7,15.1,31,10.4,
Murphy, Sean,669221,2022,27,537,134,18,9.2,.250,.332,.758,66,148,67,88.7,11.5,34.7,10.5,
Edman, Tommy,669242,2022,27,577,153,13,7.3,.265,.324,.724,57,153,95,88.6,8.7,31.6,6.2,
Smith, Will,669257,2022,27,508,132,24,9.7,.260,.343,.807,87,137,68,89.9,18.4,36.8,10.3,
Hays, Austin,669720,2022,26,535,134,16,5.8,.250,.306,.719,60,145,66,87.7,11.3,32.3,5.2,
Alvarez, Yordan,670541,2022,25,470,144,37,13.9,.306,.406,1.019,97,135,95,95.2,12.3,40.7,21,
Kirk, Alejandro,672386,2022,23,470,134,14,11.6,.285,.372,.786,63,139,59,90.5,8.1,32,6.7,
Kim, Ha-Seong,673490,2022,26,517,130,11,8.8,.251,.323,.706,59,150,58,86.7,16.1,34,4.2,
Rodriguez, Julio,677594,2022,21,511,145,28,7.1,.284,.345,.853,75,132,84,92,10.1,32.7,13.1,
Witt Jr., Bobby,677951,2022,22,591,150,20,4.7,.254,.294,.722,80,150,82,89.7,16.8,32.5,8.7,
Kwan, Steven,680757,2022,24,563,168,6,9.7,.298,.371,.771,52,147,89,85.1,11.8,34.6,1.4,
Vaughn, Andrew,683734,2022,24,510,138,17,5.6,.271,.321,.750,76,134,60,90.8,7.5,34.1,7.9,
Cabrera, Miguel,408234,2021,38,472,121,15,7.6,.256,.316,.701,75,130,48,91.4,10,32.8,8.3,
Cruz Jr., Nelson,443558,2021,40,513,136,32,8.7,.265,.332,.829,86,140,79,92.9,11.8,31.8,13.6,
Peralta, David,444482,2021,33,487,126,8,8.6,.259,.325,.728,63,150,57,89.3,5.3,27.2,5,
Blackmon, Charlie,453568,2021,34,514,139,13,9.3,.270,.351,.761,78,150,76,87.6,10.2,32.6,7,
McCutchen, Andrew,457705,2021,34,482,107,27,14.1,.222,.334,.778,80,144,78,88.8,14.6,33.6,9,
Turner, Justin,457759,2021,36,533,148,27,10.0,.278,.361,.832,87,151,87,90.9,19.2,36.5,7.9,
Votto, Joey,458015,2021,37,448,119,36,14.4,.266,.375,.938,99,129,73,92.9,18.2,44.3,17.2,
Andrus, Elvis,462101,2021,32,497,121,3,5.7,.243,.292,.612,37,146,60,87.8,8.1,34,2.1,
Santana, Carlos,467793,2021,35,565,121,19,13.1,.214,.319,.660,69,158,66,89.9,12.9,28,6.8,
Lowrie, Jed,476704,2021,37,457,112,14,9.6,.245,.318,.717,69,139,55,90.7,16.4,36.5,9.3,
Brantley Jr., Michael,488726,2021,34,469,146,8,6.5,.311,.362,.799,47,121,68,89.5,9.9,38.8,5.8,
Gurriel, Yuli,493329,2021,37,530,169,15,9.8,.319,.383,.846,81,143,83,89.8,13.4,31,3.4,
Rojas, Miguel,500743,2021,32,495,131,9,6.9,.265,.321,.713,48,132,66,86.2,11.5,32.4,2.8,
Escobar, Eduardo,500871,2021,32,549,139,28,8.0,.253,.314,.786,90,146,77,87,20.8,38,8.9,
Pham, Tommy,502054,2021,33,475,109,15,13.9,.229,.340,.724,49,155,74,90.8,7.6,35.6,10,
Martinez, J.D.,502110,2021,33,570,163,28,8.7,.286,.349,.866,99,148,92,92.1,16.9,41.2,12.5,
Goldschmidt, Paul,502671,2021,33,603,177,31,9.9,.294,.365,.879,99,158,102,92.6,17.1,36.9,13.6,
Altuve, Jose,514888,2021,31,601,167,31,9.7,.278,.350,.839,83,146,117,87.7,15.6,32.1,6.4,
Hernandez, Cesar,514917,2021,31,570,132,21,9.3,.232,.308,.694,62,149,84,87.4,10.7,32.6,6.8,
Segura, Jean,516416,2021,31,514,149,14,6.9,.290,.347,.783,58,131,76,87.2,5.8,31.1,5.9,
Marte, Starling,516782,2021,32,467,145,12,8.2,.310,.382,.840,55,120,89,87.6,4.6,32.6,8.4,
Donaldson, Josh,518626,2021,35,457,113,26,13.6,.247,.352,.827,72,135,73,94.1,14.6,30.2,17.4,
Freeman, Freddie,518692,2021,31,600,180,31,12.2,.300,.393,.896,83,159,120,91.4,12,37.2,11.5,
LeMahieu, DJ,518934,2021,32,597,160,10,10.8,.268,.349,.711,57,150,84,90.6,5,33.3,3.7,
Rizzo, Anthony,519203,2021,31,496,123,22,9.0,.248,.344,.783,61,141,73,90.1,14.8,31.4,7.7,
Stanton, Giancarlo,519317,2021,31,510,139,35,10.9,.273,.354,.870,97,139,64,95.1,10.3,32.6,15.7,
Perez, Salvador,521692,2021,31,620,169,48,4.2,.273,.316,.859,121,161,88,93,15.9,34.1,16.3,
Garcia, Avisail,541645,2021,30,461,121,29,7.4,.262,.330,.820,86,135,68,90.4,9.3,35.9,12.2,
Villar, Jonathan,542340,2021,30,454,113,18,9.1,.249,.321,.737,42,142,63,88,7,29.9,7.4,
Aguilar, Jesus,542583,2021,31,449,117,22,9.0,.261,.325,.784,93,131,49,89.6,19,34.7,8.5,
Crawford, Brandon,543063,2021,34,483,144,24,10.2,.298,.373,.895,90,138,79,88.8,14.7,35.8,11.5,
Cron, C.J.,543068,2021,31,470,132,28,11.0,.281,.375,.905,92,142,70,88.8,15.8,31.9,11.5,
Grossman, Robbie,543257,2021,31,557,133,23,14.6,.239,.356,.771,67,156,88,87.8,21.1,39.5,7.6,
Harrison, Josh,543281,2021,33,505,141,8,5.6,.279,.341,.741,60,138,58,87.2,14.5,39.5,4.4,
Hosmer, Eric,543333,2021,31,509,137,12,8.5,.269,.336,.731,65,151,53,90.5,3.3,26.6,5.8,
Semien, Marcus,543760,2021,30,652,173,45,9.1,.265,.334,.873,102,162,115,89.7,20.3,35.2,9.8,
Grichuk, Randal,545341,2021,29,511,123,22,5.0,.241,.281,.703,81,149,59,89.8,16.1,30.4,8.5,
Harper, Bryce,547180,2021,28,488,151,35,16.7,.309,.427,1.042,84,141,101,92.5,13.3,38.9,18.1,
Abreu, Jose,547989,2021,34,566,148,30,9.3,.261,.351,.831,117,152,86,92,10.4,31.2,10.2,
Suarez, Eugenio,553993,2021,29,505,100,31,9.8,.198,.286,.713,79,145,71,89.1,18.3,33,15,
Schoop, Jonathan,570731,2021,29,623,173,22,5.5,.278,.320,.755,84,156,85,88.1,10.8,30.1,6.8,
Arenado, Nolan,571448,2021,30,593,151,34,7.7,.255,.312,.807,105,157,81,89,20,34.1,6.7,
Farmer, Kyle,571657,2021,30,483,127,16,4.2,.263,.316,.732,63,147,60,87.2,15.8,36,4.3,
Haniger, Mitch,571745,2021,30,620,157,39,7.8,.253,.318,.804,100,157,110,89.3,14.8,33.6,12.6,
Hernandez, Enrique,571771,2021,29,508,127,20,10.4,.250,.337,.786,60,134,84,90.8,17.9,36.5,8.4,
Muncy, Max,571970,2021,30,497,124,36,14.0,.249,.368,.895,94,144,95,91.2,15.2,34.9,16.1,
Seager, Kyle,572122,2021,33,603,128,35,8.8,.212,.285,.723,101,159,73,89,19.5,35.7,12.3,
Taylor, Michael A.,572191,2021,30,483,118,12,6.3,.244,.295,.652,54,142,58,89.4,12.1,30.6,6.6,
Yastrzemski, Mike,573262,2021,30,468,105,25,9.6,.224,.310,.767,71,139,75,89.5,19.4,33.1,10.3,
Iglesias, Jose,578428,2021,31,483,131,9,4.1,.271,.309,.701,48,137,65,85.4,11.5,35.5,3.4,
Bryant, Kris,592178,2021,29,513,136,25,10.6,.265,.353,.835,73,144,86,88.2,15.1,37.1,10.3,
Canha, Mark,592192,2021,32,519,120,17,12.3,.231,.358,.746,61,141,93,87.3,13.5,36.1,7.1,
Castellanos, Nick,592206,2021,29,531,164,34,7.0,.309,.362,.939,100,138,95,89.8,14,44,10.6,
Judge, Aaron,592450,2021,29,550,158,39,11.8,.287,.373,.916,98,148,89,95.8,11.6,38.5,17.6,
Machado, Manny,592518,2021,28,564,157,28,9.8,.278,.347,.836,106,153,92,93.1,14,33.8,13.3,
Realmuto, J.T.,592663,2021,30,476,125,17,8.9,.263,.343,.782,73,134,64,89.6,11.5,31.2,8.6,
Renfroe, Hunter,592669,2021,29,521,135,31,7.7,.259,.315,.816,96,144,89,90.1,15.6,32.7,14.4,
Merrifield, Whit,593160,2021,32,664,184,10,5.6,.277,.317,.711,74,162,97,86.9,14.1,40,3.5,
Bogaerts, Xander,593428,2021,28,529,156,23,10.3,.295,.370,.863,79,144,90,89.6,12.5,36.4,9.7,
Polanco, Jorge,593871,2021,27,588,158,33,7.0,.269,.323,.826,98,152,97,89.4,19.3,36.1,10.1,
Sano, Miguel,593934,2021,28,470,105,30,11.1,.223,.312,.778,75,135,68,93.4,17.6,32.3,17.7,
Duvall, Adam,594807,2021,32,513,117,38,6.3,.228,.281,.772,113,146,67,89.8,23.6,33.3,16.1,
Baez, Javier,595879,2021,28,502,133,31,5.1,.265,.318,.812,87,138,80,90.1,10.6,32.7,13.4,
Lindor, Francisco,596019,2021,27,452,104,20,11.1,.230,.319,.730,63,125,73,90.7,14.4,35.6,8.2,
Story, Trevor,596115,2021,28,526,132,24,8.9,.251,.329,.801,75,142,88,90.6,17.5,34.2,9.9,
Candelario, Jeimer,600869,2021,27,557,151,16,10.4,.271,.351,.795,67,149,75,88.7,12.6,38.6,9,
Bell, Josh,605137,2021,28,498,130,27,11.4,.261,.347,.823,88,144,75,92.5,4.9,28.5,8.8,
Betts, Mookie,605141,2021,28,466,123,23,12.4,.264,.367,.854,58,122,93,90.3,18.9,34,7.8,
Tapia, Raimel,606132,2021,27,487,133,6,7.5,.273,.326,.698,50,133,69,85.7,-4.4,19.9,2.1,
Hernandez, Teoscar,606192,2021,28,550,163,32,6.1,.296,.346,.870,116,143,92,91.8,13.1,37.4,13.9,
Turner, Trea,607208,2021,28,595,195,28,6.3,.328,.375,.911,77,148,107,89.6,11.4,34.6,7.4,
Ramirez, Jose,608070,2021,28,552,147,36,11.3,.266,.355,.893,103,152,111,90,18.2,33.4,11.1,
Gallo, Joey,608336,2021,27,498,99,38,18.0,.199,.351,.808,77,153,90,91.5,22.7,29.4,18.5,
Swanson, Dansby,621020,2021,27,588,146,27,8.0,.248,.311,.760,88,160,78,89.3,14.1,36.8,11.4,
Newman, Kevin,621028,2021,27,517,117,5,4.9,.226,.262,.571,39,148,50,85.3,9.9,32,1.6,
Taylor, Chris,621035,2021,30,507,129,20,10.8,.254,.344,.782,73,148,92,88.2,17.4,38.1,10.2,
Correa, Carlos,621043,2021,26,555,155,26,11.7,.279,.366,.850,92,148,104,90.2,12.1,33.5,9.4,
Olson, Matt,621566,2021,27,565,153,39,13.1,.271,.371,.911,111,156,101,91.6,16.2,32.4,12.7,
Alonso, Pete,624413,2021,26,561,147,37,9.4,.262,.344,.863,94,152,81,91,14.7,34.5,14.8,
Frazier, Adam,624428,2021,29,577,176,5,7.5,.305,.366,.777,43,155,83,85.4,12.6,38.9,1,
Soler, Jorge,624585,2021,29,516,115,27,11.1,.223,.312,.744,70,149,74,91.2,15.7,30.9,12.7,
Cronenworth, Jake,630105,2021,27,567,151,21,8.6,.266,.336,.796,71,152,94,88.6,12.5,35.8,7.2,
Meadows, Austin,640457,2021,26,518,121,27,10.0,.234,.315,.772,106,142,79,89.3,21.7,36.1,8.7,
Anderson, Tim,641313,2021,28,527,163,17,4.0,.309,.338,.806,61,123,94,89.6,4.3,32.5,7.8,
Crawford, J.P.,641487,2021,26,619,169,9,8.4,.273,.338,.714,54,160,89,86.3,9.8,34.3,2.4,
Dozier, Hunter,641531,2021,29,487,105,16,7.9,.216,.285,.680,54,144,55,89.9,15.8,33,8.8,
Mancini III, Trey,641820,2021,29,556,142,21,8.3,.255,.326,.758,71,147,77,88.9,9.7,36,10.4,
McMahon, Ryan,641857,2021,26,528,134,23,9.9,.254,.331,.779,86,151,80,90.5,14.3,40.2,7.3,
O'Neill, Tyler,641933,2021,26,482,138,34,7.1,.286,.352,.912,80,138,89,93,17.8,39.9,17.9,
Rosario, Amed,642708,2021,25,550,155,11,5.3,.282,.321,.731,57,141,77,88.8,5.5,32,2.8,
Adames, Willy,642715,2021,25,497,130,25,10.3,.262,.337,.818,73,140,77,89.5,16.8,35.1,11.4,
Benintendi, Andrew,643217,2021,26,493,136,17,6.7,.276,.323,.766,73,134,63,89.6,15.4,38.5,8.9,
Kiner-Falefa, Isiah,643396,2021,26,635,172,8,4.1,.271,.312,.669,53,158,74,85.5,5.4,31.6,1.8,
Albies, Ozzie,645277,2021,24,629,163,30,6.9,.259,.310,.799,106,156,103,89.6,21.1,37,9.3,
Devers, Rafael,646240,2021,24,591,165,38,9.3,.279,.352,.890,113,156,101,92.9,13.1,35.2,15,
Urias, Luis,649966,2021,24,490,122,23,11.1,.249,.342,.787,75,150,77,87.9,14.2,34.9,9.3,
Torres, Gleyber,650402,2021,24,459,119,9,9.7,.259,.329,.695,51,127,50,87.1,14.2,37.1,7.8,
Diaz, Yandy,650490,2021,29,465,119,13,12.8,.256,.353,.740,64,134,62,89.9,6.6,28.9,7,
Chapman, Matt,656305,2021,28,529,111,27,12.9,.210,.314,.716,72,151,75,89.7,18.6,32.1,13.7,
Mullins II, Cedric,656775,2021,26,602,175,30,8.7,.291,.359,.877,59,159,91,89.4,14.8,35.7,8.1,
Smith, Pavin,656976,2021,25,498,133,11,7.7,.267,.328,.732,49,145,68,87.2,9,33.6,5.1,
Verdugo, Alex,657077,2021,25,544,157,13,8.4,.289,.351,.777,63,146,88,90,7.7,34.7,7.1,
Moncada, Yoan,660162,2021,26,520,137,14,13.6,.263,.375,.787,61,144,74,90.1,11.3,40,8.2,
Ohtani, Shohei,660271,2021,26,537,138,46,15.0,.257,.372,.965,100,155,103,93.6,16.6,35.4,22.3,
Riley, Austin,663586,2021,24,590,179,33,7.9,.303,.367,.898,107,160,91,90.1,14.2,36.5,13.3,
Mountcastle, Ryan,663624,2021,24,534,136,33,7.0,.255,.309,.796,89,144,77,89.1,16.3,38.9,11.8,
Tucker, Kyle,663656,2021,24,506,149,30,9.3,.294,.358,.915,92,140,83,91.4,17.6,42,11.6,
India, Jonathan,663697,2021,24,532,143,21,11.3,.269,.376,.834,69,150,98,87.6,13.1,33.6,9.6,
Grisham, Trent,663757,2021,24,462,112,15,10.2,.242,.326,.740,62,132,61,88.8,12.3,31,5.2,
Lowe, Nathaniel,663993,2021,25,557,147,18,12.5,.264,.357,.771,72,157,75,90.8,5,31.4,9.5,
Happ, Ian,664023,2021,26,465,105,25,11.6,.226,.321,.756,66,148,63,89.5,9.9,30.8,10.9,
France, Ty,664034,2021,26,571,166,18,7.1,.291,.368,.813,73,152,85,88.5,11,35.9,6.8,
Lowe, Brandon,664040,2021,26,535,132,39,11.1,.247,.340,.863,99,149,97,89.3,16.9,37.2,14,
Fletcher, David,664058,2021,27,626,164,2,4.7,.262,.295,.619,47,157,74,82.3,8.2,30.4,0,
Straw, Myles,664702,2021,26,564,153,4,10.5,.271,.348,.695,48,158,86,87.1,11.9,42.6,1.3,
Walsh, Jared,665120,2021,27,530,147,29,8.2,.277,.340,.850,98,144,70,89.6,7.6,33.6,11.3,
Tatis Jr., Fernando,665487,2021,22,478,135,42,11.4,.282,.364,.975,97,130,99,93.9,13.8,33.1,21.3,
Guerrero Jr., Vladimir,665489,2021,22,604,188,48,12.3,.311,.401,1.002,111,161,123,95.1,9.4,33.7,15.1,
Soto, Juan,665742,2021,22,502,157,29,22.2,.313,.465,.999,95,151,111,93,5.8,29.7,13.3,
Chisholm Jr., Jazz,665862,2021,23,464,115,18,6.7,.248,.302,.726,53,124,70,90.2,9,29,9,
Bichette, Bo,666182,2021,23,640,191,29,5.8,.298,.343,.828,102,159,121,91.4,7.3,33.5,9.9,
Carlson, Dylan,666185,2021,22,542,144,18,9.2,.266,.342,.780,65,149,79,88.2,15.1,40.6,7,
Garcia, Adolis,666969,2021,28,581,141,31,5.1,.243,.286,.741,90,149,77,91,14.7,29.4,11.5,
Gurriel Jr., Lourdes,666971,2021,27,500,138,21,5.9,.276,.318,.784,84,141,62,89.7,10.5,35.8,9.6,
Arozarena, Randy,668227,2021,26,529,145,20,9.3,.274,.356,.815,69,141,94,89.9,7.6,29.7,8.2,
Reynolds, Bryan,668804,2021,26,559,169,24,11.6,.302,.390,.912,90,159,93,89.4,13.4,39.9,10.4,
Rojas, Josh,668942,2021,27,484,128,11,10.5,.264,.338,.749,44,139,69,88.2,8.4,40.7,4.8,
Edman, Tommy,669242,2021,26,641,168,11,5.5,.262,.307,.694,56,159,91,87.5,9.5,31.5,4.2,
Solak, Nick,669256,2021,26,458,111,11,6.7,.242,.313,.676,49,127,57,86.9,7,29.3,6.5,
Hays, Austin,669720,2021,25,488,125,22,5.3,.256,.306,.767,71,131,73,88.8,12.5,32.2,9.1,
Lopez, Nicky,670032,2021,26,497,149,2,8.7,.300,.358,.736,43,151,78,86.8,2.8,27.6,0.7,
Alvarez, Yordan,670541,2021,24,537,149,33,8.4,.277,.346,.877,104,144,92,93.2,14.1,37.2,15.9,